x-axis,1,2
second,Volt,Volt
-100.000E-06,-74.842968E-03,-1.019440946E+00
-99.900E-06,-75.785179E-03,-1.013787680E+00
-99.800E-06,-23.021360E-03,-999.026374E-03
-99.700E-06,+3.046479E-03,-994.315319E-03
-99.600E-06,+20.634418E-03,-982.694716E-03
-99.500E-06,+63.662056E-03,-988.347982E-03
-99.400E-06,+105.433412E-03,-969.817831E-03
-99.300E-06,+141.237432E-03,-984.265067E-03
-99.200E-06,+156.312809E-03,-983.008786E-03
-99.100E-06,+175.785170E-03,-947.518837E-03
-99.000E-06,+212.531401E-03,-952.229892E-03
-98.900E-06,+246.765069E-03,-945.634415E-03
-98.800E-06,+292.619340E-03,-918.938435E-03
-98.700E-06,+317.116827E-03,-918.310294E-03
-98.600E-06,+328.109289E-03,-921.450998E-03
-98.500E-06,+387.468585E-03,-906.061551E-03
-98.400E-06,+415.734916E-03,-906.689691E-03
-98.300E-06,+430.810293E-03,-880.307782E-03
-98.200E-06,+474.466072E-03,-888.473611E-03
-98.100E-06,+492.682152E-03,-877.795219E-03
-98.000E-06,+519.064061E-03,-862.719843E-03
-97.900E-06,+559.265066E-03,-837.280144E-03
-97.800E-06,+575.910794E-03,-836.337933E-03
-97.700E-06,+616.739939E-03,-828.486175E-03
-97.600E-06,+645.948482E-03,-815.295220E-03
-97.500E-06,+668.561547E-03,-808.385672E-03
-97.400E-06,+686.149486E-03,-816.865572E-03
-97.300E-06,+719.126873E-03,-803.360547E-03
-97.200E-06,+747.079134E-03,-786.400748E-03
-97.100E-06,+797.958530E-03,-761.589190E-03
-97.000E-06,+822.456018E-03,-762.217331E-03
-96.900E-06,+845.383153E-03,-748.084165E-03
-96.800E-06,+853.234912E-03,-738.033914E-03
-96.700E-06,+889.981142E-03,-733.008789E-03
-96.600E-06,+944.001242E-03,-714.164568E-03
-96.500E-06,+972.267574E-03,-716.991201E-03
-96.400E-06,+1.005559031E+00,-676.162056E-03
-96.300E-06,+1.049842950E+00,-679.616829E-03
-96.200E-06,+1.059579131E+00,-676.162056E-03
-96.100E-06,+1.060521342E+00,-652.606779E-03
-96.000E-06,+1.118938426E+00,-650.722357E-03
-95.900E-06,+1.141551492E+00,-645.383161E-03
-95.800E-06,+1.150345461E+00,-596.702257E-03
-95.700E-06,+1.189290184E+00,-593.561554E-03
-95.600E-06,+1.211589179E+00,-597.016328E-03
-95.500E-06,+1.235458526E+00,-582.255021E-03
-95.400E-06,+1.268749983E+00,-569.378137E-03
-95.300E-06,+1.302041440E+00,-575.031403E-03
-95.200E-06,+1.342242444E+00,-569.378137E-03
-95.100E-06,+1.334390685E+00,-542.368087E-03
-95.000E-06,+1.372393198E+00,-532.003766E-03
-94.900E-06,+1.394064052E+00,-515.358037E-03
-94.800E-06,+1.442744956E+00,-510.332912E-03
-94.700E-06,+1.452795207E+00,-494.001254E-03
-94.600E-06,+1.459076614E+00,-500.282661E-03
-94.500E-06,+1.511840432E+00,-480.810299E-03
-94.400E-06,+1.532569075E+00,-456.626882E-03
-94.300E-06,+1.560207266E+00,-438.410802E-03
-94.200E-06,+1.587217316E+00,-425.847988E-03
-94.100E-06,+1.613599225E+00,-413.285174E-03
-94.000E-06,+1.613599225E+00,-416.425877E-03
-93.900E-06,+1.638724853E+00,-399.152008E-03
-93.800E-06,+1.678925858E+00,-349.528893E-03
-93.700E-06,+1.694001234E+00,-365.546481E-03
-93.600E-06,+1.748335405E+00,-346.074119E-03
-93.500E-06,+1.735144450E+00,-320.006281E-03
-93.400E-06,+1.755244952E+00,-328.800250E-03
-93.300E-06,+1.777858017E+00,-314.667085E-03
-93.200E-06,+1.804553997E+00,-294.252512E-03
-93.100E-06,+1.828423343E+00,-276.978643E-03
-93.000E-06,+1.854805253E+00,-271.011306E-03
-92.900E-06,+1.862971082E+00,-260.646985E-03
-92.800E-06,+1.871765052E+00,-250.910804E-03
-92.700E-06,+1.916677111E+00,-228.925880E-03
-92.600E-06,+1.937719825E+00,-224.842965E-03
-92.500E-06,+1.939918317E+00,-230.496231E-03
-92.400E-06,+1.957820327E+00,-188.724875E-03
-92.300E-06,+1.965358015E+00,-177.104272E-03
-92.200E-06,+1.985144447E+00,-165.169599E-03
-92.100E-06,+2.002732387E+00,-157.003770E-03
-92.000E-06,+2.007443442E+00,-126.224876E-03
-91.900E-06,+2.030998718E+00,-110.835429E-03
-91.800E-06,+2.078423341E+00,-104.868092E-03
-91.700E-06,+2.079993693E+00,-99.842966E-03
-91.600E-06,+2.098209773E+00,-91.677137E-03
-91.500E-06,+2.113913290E+00,-61.840454E-03
-91.400E-06,+2.160081631E+00,-63.724876E-03
-91.300E-06,+2.143121833E+00,-59.327891E-03
-91.200E-06,+2.179553993E+00,-20.383168E-03
-91.100E-06,+2.173586656E+00,-28.548997E-03
-91.000E-06,+2.183322837E+00,-11.589198E-03
-90.900E-06,+2.202481128E+00,-2.167088E-03
-90.800E-06,+2.230747460E+00,+21.388188E-03
-90.700E-06,+2.238913289E+00,+33.008791E-03
-90.600E-06,+2.246765048E+00,+54.679645E-03
-90.500E-06,+2.260584143E+00,+64.729896E-03
-90.400E-06,+2.268121831E+00,+77.606781E-03
-90.300E-06,+2.271890675E+00,+116.237433E-03
-90.200E-06,+2.281312786E+00,+112.782660E-03
-90.100E-06,+2.302041429E+00,+132.883162E-03
-90.000E-06,+2.322141931E+00,+141.363061E-03
-89.900E-06,+2.333762534E+00,+149.528890E-03
-89.800E-06,+2.338787660E+00,+147.644468E-03
-89.700E-06,+2.339729871E+00,+181.564066E-03
-89.600E-06,+2.344440926E+00,+212.028890E-03
-89.500E-06,+2.346011278E+00,+201.664568E-03
-89.400E-06,+2.361714795E+00,+231.187181E-03
-89.300E-06,+2.346325348E+00,+234.956025E-03
-89.200E-06,+2.377104242E+00,+240.295221E-03
-89.100E-06,+2.406312785E+00,+262.594216E-03
-89.000E-06,+2.396262533E+00,+282.066577E-03
-88.900E-06,+2.411023840E+00,+305.935924E-03
-88.800E-06,+2.412908262E+00,+311.589190E-03
-88.700E-06,+2.422016302E+00,+311.275120E-03
-88.600E-06,+2.422644443E+00,+318.498738E-03
-88.500E-06,+2.432694694E+00,+342.368084E-03
-88.400E-06,+2.455307759E+00,+374.089189E-03
-88.300E-06,+2.434579116E+00,+352.104265E-03
-88.200E-06,+2.458448462E+00,+383.511300E-03
-88.100E-06,+2.457192181E+00,+407.694717E-03
-88.000E-06,+2.437719819E+00,+410.521350E-03
-87.900E-06,+2.459704744E+00,+409.579139E-03
-87.800E-06,+2.445257508E+00,+453.234917E-03
-87.700E-06,+2.469440925E+00,+446.011299E-03
-87.600E-06,+2.482003738E+00,+460.458535E-03
-87.500E-06,+2.482631879E+00,+462.971098E-03
-87.400E-06,+2.467242432E+00,+478.674615E-03
-87.300E-06,+2.460332884E+00,+517.933409E-03
-87.200E-06,+2.465043940E+00,+490.609289E-03
-87.100E-06,+2.464415799E+00,+511.652002E-03
-87.000E-06,+2.453737407E+00,+523.272605E-03
-86.900E-06,+2.453423337E+00,+542.430896E-03
-86.800E-06,+2.465358010E+00,+552.795218E-03
-86.700E-06,+2.457820322E+00,+563.787680E-03
-86.600E-06,+2.467242432E+00,+557.820343E-03
-86.500E-06,+2.466614291E+00,+602.418333E-03
-86.400E-06,+2.438347960E+00,+608.699740E-03
-86.300E-06,+2.443373086E+00,+609.641951E-03
-86.200E-06,+2.441488664E+00,+609.641951E-03
-86.100E-06,+2.431124342E+00,+628.800242E-03
-86.000E-06,+2.429553990E+00,+645.760041E-03
-85.900E-06,+2.422016302E+00,+653.297729E-03
-85.800E-06,+2.416048965E+00,+701.036422E-03
-85.700E-06,+2.422016302E+00,+697.895719E-03
-85.600E-06,+2.426727357E+00,+689.415819E-03
-85.500E-06,+2.416363036E+00,+707.003759E-03
-85.400E-06,+2.402543940E+00,+710.458533E-03
-85.300E-06,+2.397518815E+00,+721.450995E-03
-85.200E-06,+2.384327860E+00,+732.129387E-03
-85.100E-06,+2.367368061E+00,+724.277628E-03
-85.000E-06,+2.367368061E+00,+754.114311E-03
-84.900E-06,+2.350408263E+00,+783.636924E-03
-84.800E-06,+2.358888162E+00,+779.554009E-03
-84.700E-06,+2.337531378E+00,+787.091698E-03
-84.600E-06,+2.338473589E+00,+792.744964E-03
-84.500E-06,+2.337217308E+00,+800.596723E-03
-84.400E-06,+2.303297710E+00,+804.679637E-03
-84.300E-06,+2.295445952E+00,+830.433406E-03
-84.200E-06,+2.299528866E+00,+814.729888E-03
-84.100E-06,+2.267179620E+00,+862.468581E-03
-84.000E-06,+2.256815299E+00,+852.732400E-03
-83.900E-06,+2.256815299E+00,+860.898229E-03
-83.800E-06,+2.241739922E+00,+869.378129E-03
-83.700E-06,+2.212531380E+00,+869.378129E-03
-83.600E-06,+2.203423339E+00,+867.179636E-03
-83.500E-06,+2.187405752E+00,+893.875616E-03
-83.400E-06,+2.171388164E+00,+906.752500E-03
-83.300E-06,+2.177669571E+00,+925.282651E-03
-83.200E-06,+2.149403240E+00,+935.332902E-03
-83.100E-06,+2.122393190E+00,+954.805264E-03
-83.000E-06,+2.101036406E+00,+929.051495E-03
-82.900E-06,+2.104491180E+00,+943.498731E-03
-82.800E-06,+2.096011280E+00,+965.483655E-03
-82.700E-06,+2.069315301E+00,+946.953505E-03
-82.600E-06,+2.021262537E+00,+990.609283E-03
-82.500E-06,+2.015609271E+00,+970.194711E-03
-82.400E-06,+2.020634397E+00,+967.682148E-03
-82.300E-06,+2.007443442E+00,+984.013806E-03
-82.200E-06,+2.005873090E+00,+985.270087E-03
-82.100E-06,+1.951538920E+00,+991.865565E-03
-82.000E-06,+1.943059021E+00,+996.576620E-03
-81.900E-06,+1.935207262E+00,+976.162047E-03
-81.800E-06,+1.892807765E+00,+1.016048982E+00
-81.700E-06,+1.888724850E+00,+1.027983655E+00
-81.600E-06,+1.861714800E+00,+1.025785162E+00
-81.500E-06,+1.851664549E+00,+1.025785162E+00
-81.400E-06,+1.837217313E+00,+1.024528881E+00
-81.300E-06,+1.774403244E+00,+1.025785162E+00
-81.200E-06,+1.774403244E+00,+1.029868077E+00
-81.100E-06,+1.774403244E+00,+1.037091695E+00
-81.000E-06,+1.735144450E+00,+1.034579132E+00
-80.900E-06,+1.720069073E+00,+1.036149484E+00
-80.800E-06,+1.704679626E+00,+1.051538931E+00
-80.700E-06,+1.663850481E+00,+1.034893202E+00
-80.600E-06,+1.658511285E+00,+1.060018830E+00
-80.500E-06,+1.613599225E+00,+1.076036418E+00
-80.400E-06,+1.607003748E+00,+1.062217323E+00
-80.300E-06,+1.592870582E+00,+1.068812800E+00
-80.200E-06,+1.543247467E+00,+1.067556519E+00
-80.100E-06,+1.528800231E+00,+1.065043956E+00
-80.000E-06,+1.512782643E+00,+1.090797724E+00
-79.900E-06,+1.487971086E+00,+1.074151996E+00
-79.800E-06,+1.459390684E+00,+1.096450991E+00
-79.700E-06,+1.439918323E+00,+1.096136920E+00
-79.600E-06,+1.389981137E+00,+1.102418327E+00
-79.500E-06,+1.380244956E+00,+1.071953504E+00
-79.400E-06,+1.356375610E+00,+1.082003755E+00
-79.300E-06,+1.346639429E+00,+1.102732398E+00
-79.200E-06,+1.293247470E+00,+1.085144458E+00
-79.100E-06,+1.286023852E+00,+1.109013805E+00
-79.000E-06,+1.230433400E+00,+1.096136920E+00
-78.900E-06,+1.251790184E+00,+1.102104257E+00
-78.800E-06,+1.209390687E+00,+1.096136920E+00
-78.700E-06,+1.170445964E+00,+1.096450991E+00
-78.600E-06,+1.142179632E+00,+1.090797724E+00
-78.500E-06,+1.082820336E+00,+1.090797724E+00
-78.400E-06,+1.069001241E+00,+1.083260036E+00
-78.300E-06,+1.052669583E+00,+1.099591694E+00
-78.200E-06,+1.021576618E+00,+1.096136920E+00
-78.100E-06,+989.855513E-03,+1.085144458E+00
-78.000E-06,+970.383152E-03,+1.091111795E+00
-77.900E-06,+925.157021E-03,+1.100533905E+00
-77.800E-06,+895.006268E-03,+1.090797724E+00
-77.700E-06,+886.526369E-03,+1.097707272E+00
-77.600E-06,+868.938429E-03,+1.095194709E+00
-77.500E-06,+809.265063E-03,+1.065986167E+00
-77.400E-06,+784.139435E-03,+1.102732398E+00
-77.300E-06,+745.508782E-03,+1.091111795E+00
-77.200E-06,+729.177124E-03,+1.081061544E+00
-77.100E-06,+714.101747E-03,+1.077292699E+00
-77.000E-06,+650.659537E-03,+1.051853001E+00
-76.900E-06,+643.749989E-03,+1.069755011E+00
-76.800E-06,+616.425869E-03,+1.039918328E+00
-76.700E-06,+585.646975E-03,+1.062217323E+00
-76.600E-06,+559.579136E-03,+1.039290187E+00
-76.500E-06,+496.765066E-03,+1.078863051E+00
-76.400E-06,+495.508785E-03,+1.047141946E+00
-76.300E-06,+453.423358E-03,+1.041174609E+00
-76.200E-06,+429.868082E-03,+1.030810288E+00
-76.100E-06,+407.569087E-03,+1.025471092E+00
-76.000E-06,+373.335419E-03,+1.019503755E+00
-75.900E-06,+339.729892E-03,+1.036149484E+00
-75.800E-06,+318.373108E-03,+1.027041444E+00
-75.700E-06,+300.157028E-03,+1.030182147E+00
-75.600E-06,+232.317833E-03,+1.010709786E+00
-75.500E-06,+238.599240E-03,+1.011651997E+00
-75.400E-06,+175.157030E-03,+1.025785162E+00
-75.300E-06,+159.139442E-03,+1.015734911E+00
-75.200E-06,+106.061553E-03,+977.104258E-03
-75.100E-06,+84.076628E-03,+987.782650E-03
-75.000E-06,+75.596729E-03,+985.270087E-03
-74.900E-06,+64.290197E-03,+961.714811E-03
-74.800E-06,+2.104268E-03,+956.689686E-03
-74.700E-06,-25.219853E-03,+947.581646E-03
-74.600E-06,-65.420857E-03,+943.812801E-03
-74.500E-06,-86.149500E-03,+937.217324E-03
-74.400E-06,-104.993721E-03,+945.069083E-03
-74.300E-06,-150.219851E-03,+940.672098E-03
-74.200E-06,-182.255027E-03,+942.556520E-03
-74.100E-06,-222.770102E-03,+924.340440E-03
-74.000E-06,-241.928393E-03,+928.109284E-03
-73.900E-06,-295.006282E-03,+902.355515E-03
-73.800E-06,-311.652010E-03,+909.579133E-03
-73.700E-06,-325.471106E-03,+875.031395E-03
-73.600E-06,-364.415829E-03,+876.287676E-03
-73.500E-06,-394.566582E-03,+863.724863E-03
-73.400E-06,-426.287688E-03,+867.179636E-03
-73.300E-06,-451.727386E-03,+861.212300E-03
-73.200E-06,-486.275124E-03,+830.747476E-03
-73.100E-06,-502.920853E-03,+839.227375E-03
-73.000E-06,-548.461053E-03,+814.415818E-03
-72.900E-06,-575.471103E-03,+801.538934E-03
-72.800E-06,-610.332912E-03,+791.802753E-03
-72.700E-06,-637.657032E-03,+801.538934E-03
-72.600E-06,-666.237434E-03,+768.561547E-03
-72.500E-06,-708.322861E-03,+759.453507E-03
-72.400E-06,-740.358036E-03,+758.825366E-03
-72.300E-06,-741.614317E-03,+764.164562E-03
-72.200E-06,-791.551503E-03,+728.674613E-03
-72.100E-06,-813.536427E-03,+724.277628E-03
-72.000E-06,-868.812809E-03,+712.971095E-03
-71.900E-06,-874.780145E-03,+718.310291E-03
-71.800E-06,-898.963562E-03,+704.177126E-03
-71.700E-06,-944.817833E-03,+689.415819E-03
-71.600E-06,-966.488687E-03,+695.383156E-03
-71.500E-06,-1.005433410E+00,+685.961045E-03
-71.400E-06,-1.042179641E+00,+674.026372E-03
-71.300E-06,-1.055684666E+00,+652.983659E-03
-71.200E-06,-1.088662052E+00,+633.197227E-03
-71.100E-06,-1.112531399E+00,+622.204765E-03
-71.000E-06,-1.120069087E+00,+625.659538E-03
-70.900E-06,-1.187908283E+00,+590.797730E-03
-70.800E-06,-1.197016323E+00,+581.375619E-03
-70.700E-06,-1.226224865E+00,+586.714815E-03
-70.600E-06,-1.264855518E+00,+553.423358E-03
-70.500E-06,-1.277104261E+00,+547.141951E-03
-70.400E-06,-1.309453507E+00,+533.950997E-03
-70.300E-06,-1.323586673E+00,+540.860544E-03
-70.200E-06,-1.354679638E+00,+516.363057E-03
-70.100E-06,-1.379805265E+00,+492.179640E-03
-70.000E-06,-1.421890692E+00,+497.832907E-03
-69.900E-06,-1.436651998E+00,+481.501249E-03
-69.800E-06,-1.458636923E+00,+462.971098E-03
-69.700E-06,-1.489415817E+00,+452.292706E-03
-69.600E-06,-1.514541445E+00,+446.953510E-03
-69.500E-06,-1.534327877E+00,+438.787681E-03
-69.400E-06,-1.588347977E+00,+407.694717E-03
-69.300E-06,-1.584579133E+00,+386.966074E-03
-69.200E-06,-1.609076620E+00,+385.081652E-03
-69.100E-06,-1.627606770E+00,+372.518838E-03
-69.000E-06,-1.660898227E+00,+348.335421E-03
-68.900E-06,-1.684139433E+00,+356.187180E-03
-68.800E-06,-1.695131895E+00,+322.895723E-03
-68.700E-06,-1.727795211E+00,+316.614316E-03
-68.600E-06,-1.749466065E+00,+302.167080E-03
-68.500E-06,-1.762657020E+00,+298.084165E-03
-68.400E-06,-1.794692196E+00,+297.456024E-03
-68.300E-06,-1.808511291E+00,+287.091703E-03
-68.200E-06,-1.826099230E+00,+265.106779E-03
-68.100E-06,-1.853737421E+00,+238.096729E-03
-68.000E-06,-1.861903250E+00,+227.732407E-03
-67.900E-06,-1.903674607E+00,+227.104266E-03
-67.800E-06,-1.924089179E+00,+211.714819E-03
-67.700E-06,-1.927543953E+00,+193.498739E-03
-67.600E-06,-1.961149480E+00,+195.697232E-03
-67.500E-06,-1.994440937E+00,+141.363061E-03
-67.400E-06,-2.004491188E+00,+158.951001E-03
-67.300E-06,-2.011400736E+00,+146.388187E-03
-67.200E-06,-2.029616816E+00,+116.237433E-03
-67.100E-06,-2.047204756E+00,+117.493715E-03
-67.000E-06,-2.078925861E+00,+104.930901E-03
-66.900E-06,-2.086777620E+00,+90.169594E-03
-66.800E-06,-2.094629378E+00,+74.152007E-03
-66.700E-06,-2.118498725E+00,+50.910801E-03
-66.600E-06,-2.159013800E+00,+27.041454E-03
-66.500E-06,-2.146450986E+00,+24.528892E-03
-66.400E-06,-2.180684654E+00,+1.601756E-03
-66.300E-06,-2.185081639E+00,-19.440957E-03
-66.200E-06,-2.204239930E+00,-19.440957E-03
-66.100E-06,-2.249780130E+00,-19.440957E-03
-66.000E-06,-2.231878121E+00,-25.722364E-03
-65.900E-06,-2.248523849E+00,-56.501258E-03
-65.800E-06,-2.278046462E+00,-98.586685E-03
-65.700E-06,-2.289038924E+00,-93.561559E-03
-65.600E-06,-2.267054000E+00,-99.842966E-03
-65.500E-06,-2.309139426E+00,-103.925881E-03
-65.400E-06,-2.329239929E+00,-119.629398E-03
-65.300E-06,-2.331124351E+00,-155.433418E-03
-65.200E-06,-2.341174602E+00,-155.119348E-03
-65.100E-06,-2.359704752E+00,-180.244976E-03
-65.000E-06,-2.376350481E+00,-195.320352E-03
-64.900E-06,-2.393938420E+00,-185.270101E-03
-64.800E-06,-2.398335405E+00,-195.320352E-03
-64.700E-06,-2.399277616E+00,-232.694724E-03
-64.600E-06,-2.409956008E+00,-255.621859E-03
-64.500E-06,-2.412782641E+00,-264.729899E-03
-64.400E-06,-2.411526360E+00,-260.332914E-03
-64.300E-06,-2.417179626E+00,-270.383165E-03
-64.200E-06,-2.431626862E+00,-271.639447E-03
-64.100E-06,-2.428800229E+00,-304.616833E-03
-64.000E-06,-2.418749978E+00,-337.280150E-03
-63.900E-06,-2.444189676E+00,-307.129396E-03
-63.800E-06,-2.471199726E+00,-341.048994E-03
-63.700E-06,-2.472770078E+00,-350.471104E-03
-63.600E-06,-2.451727364E+00,-363.976129E-03
-63.500E-06,-2.484076610E+00,-398.523868E-03
-63.400E-06,-2.479679625E+00,-401.350501E-03
-63.300E-06,-2.486903243E+00,-384.390702E-03
-63.200E-06,-2.487845455E+00,-427.418340E-03
-63.100E-06,-2.496639424E+00,-417.054018E-03
-63.000E-06,-2.519566560E+00,-429.616832E-03
-62.900E-06,-2.493498721E+00,-450.345475E-03
-62.800E-06,-2.489415806E+00,-466.677133E-03
-62.700E-06,-2.493812791E+00,-488.662058E-03
-62.600E-06,-2.496325354E+00,-501.853012E-03
-62.500E-06,-2.517053997E+00,-501.853012E-03
-62.400E-06,-2.509516309E+00,-496.827887E-03
-62.300E-06,-2.501978620E+00,-526.036429E-03
-62.200E-06,-2.494755002E+00,-539.227384E-03
-62.100E-06,-2.525533896E+00,-559.013816E-03
-62.000E-06,-2.523963545E+00,-573.461052E-03
-61.900E-06,-2.492870580E+00,-577.229896E-03
-61.800E-06,-2.496639424E+00,-599.528891E-03
-61.700E-06,-2.497581635E+00,-604.868087E-03
-61.600E-06,-2.504491183E+00,-617.430900E-03
-61.500E-06,-2.489101736E+00,-623.712307E-03
-61.400E-06,-2.485961032E+00,-640.043966E-03
-61.300E-06,-2.495383143E+00,-653.548991E-03
-61.200E-06,-2.473084148E+00,-680.559040E-03
-61.100E-06,-2.480935907E+00,-668.938438E-03
-61.000E-06,-2.476852992E+00,-677.732407E-03
-60.900E-06,-2.462405756E+00,-684.013814E-03
-60.800E-06,-2.476224852E+00,-728.925874E-03
-60.700E-06,-2.453297716E+00,-727.355522E-03
-60.600E-06,-2.452669576E+00,-727.983663E-03
-60.500E-06,-2.432883144E+00,-740.232407E-03
-60.400E-06,-2.451727364E+00,-743.059040E-03
-60.300E-06,-2.421576611E+00,-755.621854E-03
-60.200E-06,-2.413410782E+00,-773.209793E-03
-60.100E-06,-2.419378119E+00,-778.234919E-03
-60.000E-06,-2.401790179E+00,-793.624366E-03
-59.900E-06,-2.407443445E+00,-822.832908E-03
-59.800E-06,-2.386400732E+00,-816.865572E-03
-59.700E-06,-2.399277616E+00,-825.973612E-03
-59.600E-06,-2.352167064E+00,-830.056526E-03
-59.500E-06,-2.356249979E+00,-832.883159E-03
-59.400E-06,-2.340546461E+00,-862.405772E-03
-59.300E-06,-2.327355506E+00,-890.672104E-03
-59.200E-06,-2.327669577E+00,-894.755018E-03
-59.100E-06,-2.324842944E+00,-888.159541E-03
-59.000E-06,-2.299089175E+00,-888.787681E-03
-58.900E-06,-2.296262542E+00,-900.094214E-03
-58.800E-06,-2.261714804E+00,-908.888184E-03
-58.700E-06,-2.265797718E+00,-908.574113E-03
-58.600E-06,-2.253548975E+00,-915.169591E-03
-58.500E-06,-2.246639427E+00,-917.996224E-03
-58.400E-06,-2.223084151E+00,-936.526374E-03
-58.300E-06,-2.209893196E+00,-939.038937E-03
-58.200E-06,-2.185081639E+00,-968.561550E-03
-58.100E-06,-2.170320332E+00,-969.817831E-03
-58.000E-06,-2.159327870E+00,-975.471098E-03
-57.900E-06,-2.153674604E+00,-984.265067E-03
-57.800E-06,-2.122895710E+00,-987.091701E-03
-57.700E-06,-2.110332896E+00,-984.265067E-03
-57.600E-06,-2.087405760E+00,-997.770092E-03
-57.500E-06,-2.060081640E+00,-1.004365570E+00
-57.400E-06,-2.039667067E+00,-1.014415821E+00
-57.300E-06,-2.036526364E+00,-1.014101750E+00
-57.200E-06,-2.009830384E+00,-1.040169589E+00
-57.100E-06,-2.001036415E+00,-1.039227378E+00
-57.000E-06,-1.997581641E+00,-1.048649489E+00
-56.900E-06,-1.959265058E+00,-1.030747479E+00
-56.800E-06,-1.959893199E+00,-1.047393207E+00
-56.700E-06,-1.920634405E+00,-1.057443459E+00
-56.600E-06,-1.914038928E+00,-1.064667077E+00
-56.500E-06,-1.872895712E+00,-1.059641951E+00
-56.400E-06,-1.865358024E+00,-1.081312805E+00
-56.300E-06,-1.836149482E+00,-1.066237428E+00
-56.200E-06,-1.824842949E+00,-1.069378132E+00
-56.100E-06,-1.797204758E+00,-1.078800242E+00
-56.000E-06,-1.775533904E+00,-1.069064061E+00
-55.900E-06,-1.750094206E+00,-1.086652001E+00
-55.800E-06,-1.736903252E+00,-1.088536423E+00
-55.700E-06,-1.704868076E+00,-1.104554011E+00
-55.600E-06,-1.687908277E+00,-1.104868081E+00
-55.500E-06,-1.651790187E+00,-1.108008785E+00
-55.400E-06,-1.615043956E+00,-1.133448483E+00
-55.300E-06,-1.604993705E+00,-1.114918332E+00
-55.200E-06,-1.582380640E+00,-1.096388182E+00
-55.100E-06,-1.554742449E+00,-1.136903257E+00
-55.000E-06,-1.532443455E+00,-1.115232403E+00
-54.900E-06,-1.517054008E+00,-1.124340443E+00
-54.800E-06,-1.485332902E+00,-1.128423357E+00
-54.700E-06,-1.460835415E+00,-1.121827880E+00
-54.600E-06,-1.441677124E+00,-1.135018835E+00
-54.500E-06,-1.410584160E+00,-1.124968583E+00
-54.400E-06,-1.386086672E+00,-1.145069086E+00
-54.300E-06,-1.361275115E+00,-1.142870593E+00
-54.200E-06,-1.345571597E+00,-1.137845468E+00
-54.100E-06,-1.299717327E+00,-1.145069086E+00
-54.000E-06,-1.278988684E+00,-1.139415820E+00
-53.900E-06,-1.238473609E+00,-1.140358031E+00
-53.800E-06,-1.211149488E+00,-1.144755015E+00
-53.700E-06,-1.200471096E+00,-1.140043960E+00
-53.600E-06,-1.168121851E+00,-1.142870593E+00
-53.500E-06,-1.129177127E+00,-1.136275116E+00
-53.400E-06,-1.115672102E+00,-1.144755015E+00
-53.300E-06,-1.093687178E+00,-1.140043960E+00
-53.200E-06,-1.046262555E+00,-1.138787679E+00
-53.100E-06,-1.039667078E+00,-1.145069086E+00
-53.000E-06,-995.697229E-03,-1.137217327E+00
-52.900E-06,-966.488687E-03,-1.135018835E+00
-52.800E-06,-947.016325E-03,-1.142556523E+00
-52.700E-06,-912.782657E-03,-1.123398232E+00
-52.600E-06,-879.805271E-03,-1.138473608E+00
-52.500E-06,-853.737432E-03,-1.114918332E+00
-52.400E-06,-811.023864E-03,-1.097330393E+00
-52.300E-06,-800.345473E-03,-1.122456021E+00
-52.200E-06,-756.689694E-03,-1.117430895E+00
-52.100E-06,-727.795222E-03,-1.126538935E+00
-52.000E-06,-707.066579E-03,-1.107066574E+00
-51.900E-06,-653.046479E-03,-1.099842956E+00
-51.800E-06,-636.714821E-03,-1.091677127E+00
-51.700E-06,-601.853012E-03,-1.099842956E+00
-51.600E-06,-572.330400E-03,-1.095760041E+00
-51.500E-06,-557.255023E-03,-1.079742453E+00
-51.400E-06,-526.162058E-03,-1.100157026E+00
-51.300E-06,-476.538943E-03,-1.069378132E+00
-51.200E-06,-451.727386E-03,-1.088850493E+00
-51.100E-06,-420.320351E-03,-1.074717328E+00
-51.000E-06,-385.458542E-03,-1.079742453E+00
-50.900E-06,-359.704774E-03,-1.070320343E+00
-50.800E-06,-329.868091E-03,-1.063410795E+00
-50.700E-06,-293.750001E-03,-1.050533911E+00
-50.600E-06,-281.501257E-03,-1.059641951E+00
-50.500E-06,-237.845479E-03,-1.066865569E+00
-50.400E-06,-222.770102E-03,-1.053360544E+00
-50.300E-06,-173.461057E-03,-1.040169589E+00
-50.200E-06,-152.104274E-03,-1.019440946E+00
-50.100E-06,-102.795229E-03,-1.036400745E+00
-50.000E-06,-74.842968E-03,-999.968585E-03
-49.900E-06,-61.337943E-03,-1.010961047E+00
-49.800E-06,-20.508798E-03,-998.084163E-03
-49.700E-06,+8.071604E-03,-994.315319E-03
-49.600E-06,+31.940951E-03,-987.719841E-03
-49.500E-06,+65.860548E-03,-989.290193E-03
-49.400E-06,+95.383161E-03,-960.395721E-03
-49.300E-06,+126.476126E-03,-964.164565E-03
-49.200E-06,+166.991200E-03,-962.908284E-03
-49.100E-06,+182.380648E-03,-953.486173E-03
-49.000E-06,+214.729893E-03,-970.131902E-03
-48.900E-06,+256.815320E-03,-928.988686E-03
-48.800E-06,+279.428385E-03,-938.410797E-03
-48.700E-06,+303.297732E-03,-942.179641E-03
-48.600E-06,+332.192204E-03,-907.631902E-03
-48.500E-06,+385.584163E-03,-913.285169E-03
-48.400E-06,+407.569087E-03,-915.169591E-03
-48.300E-06,+416.677127E-03,-906.061551E-03
-48.200E-06,+450.282655E-03,-903.234918E-03
-48.100E-06,+478.234916E-03,-858.636928E-03
-48.000E-06,+515.923358E-03,-845.445973E-03
-47.900E-06,+563.033910E-03,-867.116827E-03
-47.800E-06,+590.672100E-03,-839.164566E-03
-47.700E-06,+638.724864E-03,-835.395722E-03
-47.600E-06,+642.807778E-03,-822.832908E-03
-47.500E-06,+663.850492E-03,-823.461049E-03
-47.400E-06,+696.827878E-03,-801.476125E-03
-47.300E-06,+719.126873E-03,-787.971100E-03
-47.200E-06,+763.096722E-03,-806.187180E-03
-47.100E-06,+807.694711E-03,-759.076628E-03
-47.000E-06,+841.614309E-03,-749.340447E-03
-46.900E-06,+858.888178E-03,-754.051502E-03
-46.800E-06,+889.353002E-03,-742.744969E-03
-46.700E-06,+900.031394E-03,-743.059040E-03
-46.600E-06,+951.538931E-03,-732.380648E-03
-46.500E-06,+965.358026E-03,-714.164568E-03
-46.400E-06,+1.014353000E+00,-711.966075E-03
-46.300E-06,+1.031312799E+00,-670.194719E-03
-46.200E-06,+1.050785161E+00,-676.476126E-03
-46.100E-06,+1.068373100E+00,-665.483664E-03
-46.000E-06,+1.110144457E+00,-664.855523E-03
-45.900E-06,+1.140609280E+00,-642.556528E-03
-45.800E-06,+1.188347973E+00,-639.729895E-03
-45.700E-06,+1.200596717E+00,-628.737433E-03
-45.600E-06,+1.211589179E+00,-598.272609E-03
-45.500E-06,+1.236714807E+00,-588.536428E-03
-45.400E-06,+1.284767570E+00,-580.684670E-03
-45.300E-06,+1.288850485E+00,-570.006278E-03
-45.200E-06,+1.335332896E+00,-537.028891E-03
-45.100E-06,+1.357317821E+00,-560.584167E-03
-45.000E-06,+1.377418323E+00,-526.978640E-03
-44.900E-06,+1.389667067E+00,-515.672108E-03
-44.800E-06,+1.433950986E+00,-504.993716E-03
-44.700E-06,+1.457820332E+00,-488.976128E-03
-44.600E-06,+1.463159528E+00,-480.496229E-03
-44.500E-06,+1.502104251E+00,-456.626882E-03
-44.400E-06,+1.538222342E+00,-470.131907E-03
-44.300E-06,+1.542619326E+00,-441.551505E-03
-44.200E-06,+1.565860532E+00,-423.021355E-03
-44.100E-06,+1.610458522E+00,-421.451003E-03
-44.000E-06,+1.624277617E+00,-398.837938E-03
-43.900E-06,+1.615797718E+00,-396.639446E-03
-43.800E-06,+1.680182139E+00,-375.910803E-03
-43.700E-06,+1.709076611E+00,-360.207285E-03
-43.600E-06,+1.715358018E+00,-347.330401E-03
-43.500E-06,+1.759327867E+00,-345.131908E-03
-43.400E-06,+1.758699726E+00,-323.461054E-03
-43.300E-06,+1.785081635E+00,-333.825376E-03
-43.200E-06,+1.776287666E+00,-279.491206E-03
-43.100E-06,+1.819943444E+00,-291.425879E-03
-43.000E-06,+1.854805253E+00,-263.787688E-03
-42.900E-06,+1.864541434E+00,-260.646985E-03
-42.800E-06,+1.902858016E+00,-248.084171E-03
-42.700E-06,+1.903172086E+00,-242.430904E-03
-42.600E-06,+1.935207262E+00,-213.222362E-03
-42.500E-06,+1.935207262E+00,-195.320352E-03
-42.400E-06,+1.965358015E+00,-176.162061E-03
-42.300E-06,+1.971325352E+00,-178.988694E-03
-42.200E-06,+2.013096708E+00,-173.021357E-03
-42.100E-06,+2.017179623E+00,-140.043971E-03
-42.000E-06,+2.026601733E+00,-115.860554E-03
-41.900E-06,+2.035395703E+00,-110.521358E-03
-41.800E-06,+2.059579120E+00,-102.355529E-03
-41.700E-06,+2.085332888E+00,-99.842966E-03
-41.600E-06,+2.096011280E+00,-81.940956E-03
-41.500E-06,+2.116111783E+00,-78.800253E-03
-41.400E-06,+2.119880627E+00,-37.028897E-03
-41.300E-06,+2.133699722E+00,-25.094223E-03
-41.200E-06,+2.165420827E+00,-21.325379E-03
-41.100E-06,+2.176413289E+00,-15.672113E-03
-41.000E-06,+2.206249973E+00,-19.440957E-03
-40.900E-06,+2.205935902E+00,-14.101761E-03
-40.800E-06,+2.226664545E+00,+34.265072E-03
-40.700E-06,+2.250219821E+00,+63.159545E-03
-40.600E-06,+2.256815299E+00,+55.935926E-03
-40.500E-06,+2.266865550E+00,+76.036429E-03
-40.400E-06,+2.264981128E+00,+82.317836E-03
-40.300E-06,+2.274717309E+00,+95.822861E-03
-40.200E-06,+2.280056504E+00,+126.287685E-03
-40.100E-06,+2.302041429E+00,+131.940951E-03
-40.000E-06,+2.317116806E+00,+131.312810E-03
-39.900E-06,+2.332820323E+00,+154.868086E-03
-39.800E-06,+2.337217308E+00,+152.669594E-03
-39.700E-06,+2.347267559E+00,+194.440950E-03
-39.600E-06,+2.347267559E+00,+196.953513E-03
-39.500E-06,+2.352292685E+00,+210.772608E-03
-39.400E-06,+2.381815297E+00,+226.790196E-03
-39.300E-06,+2.397518815E+00,+226.162055E-03
-39.200E-06,+2.383071579E+00,+250.973613E-03
-39.100E-06,+2.411023840E+00,+249.717331E-03
-39.000E-06,+2.415420825E+00,+280.182155E-03
-38.900E-06,+2.410081629E+00,+299.654517E-03
-38.800E-06,+2.417933387E+00,+303.423361E-03
-38.700E-06,+2.417619317E+00,+312.217331E-03
-38.600E-06,+2.422644443E+00,+315.986175E-03
-38.500E-06,+2.424528865E+00,+334.516326E-03
-38.400E-06,+2.442116804E+00,+327.292708E-03
-38.300E-06,+2.435521327E+00,+363.724868E-03
-38.200E-06,+2.441174593E+00,+368.121853E-03
-38.100E-06,+2.443059015E+00,+397.644466E-03
-38.000E-06,+2.429553990E+00,+389.478636E-03
-37.900E-06,+2.454679618E+00,+422.141953E-03
-37.800E-06,+2.452481126E+00,+438.159540E-03
-37.700E-06,+2.447456000E+00,+451.036425E-03
-37.600E-06,+2.457820322E+00,+462.971098E-03
-37.500E-06,+2.427669568E+00,+472.707279E-03
-37.400E-06,+2.469754995E+00,+490.609289E-03
-37.300E-06,+2.466300221E+00,+495.320344E-03
-37.200E-06,+2.465672080E+00,+505.056525E-03
-37.100E-06,+2.473209769E+00,+526.413308E-03
-37.000E-06,+2.477606754E+00,+520.131901E-03
-36.900E-06,+2.482945950E+00,+543.059037E-03
-36.800E-06,+2.462845447E+00,+547.770092E-03
-36.700E-06,+2.476350472E+00,+567.870594E-03
-36.600E-06,+2.458448462E+00,+587.657026E-03
-36.500E-06,+2.452795196E+00,+610.270091E-03
-36.400E-06,+2.436463538E+00,+607.129388E-03
-36.300E-06,+2.450282633E+00,+620.006272E-03
-36.200E-06,+2.451538915E+00,+624.089187E-03
-36.100E-06,+2.467870573E+00,+623.775116E-03
-36.000E-06,+2.436777608E+00,+652.669588E-03
-35.900E-06,+2.438033890E+00,+686.275116E-03
-35.800E-06,+2.438347960E+00,+683.134412E-03
-35.700E-06,+2.408825347E+00,+704.177126E-03
-35.600E-06,+2.402543940E+00,+684.390694E-03
-35.500E-06,+2.412594191E+00,+700.094211E-03
-35.400E-06,+2.407254996E+00,+710.458533E-03
-35.300E-06,+2.399717307E+00,+709.202251E-03
-35.200E-06,+2.384013790E+00,+722.393206E-03
-35.100E-06,+2.389038915E+00,+729.302753E-03
-35.000E-06,+2.367368061E+00,+749.403256E-03
-34.900E-06,+2.338473589E+00,+765.734914E-03
-34.800E-06,+2.346325348E+00,+783.008783E-03
-34.700E-06,+2.337217308E+00,+782.066572E-03
-34.600E-06,+2.325282635E+00,+794.001245E-03
-34.500E-06,+2.313976102E+00,+804.679637E-03
-34.400E-06,+2.321827861E+00,+794.629386E-03
-34.300E-06,+2.289164545E+00,+826.978632E-03
-34.200E-06,+2.293561529E+00,+826.036421E-03
-34.100E-06,+2.286023841E+00,+851.790189E-03
-34.000E-06,+2.269692183E+00,+861.526370E-03
-33.900E-06,+2.256815299E+00,+863.410792E-03
-33.800E-06,+2.255244947E+00,+888.536420E-03
-33.700E-06,+2.206878113E+00,+870.006270E-03
-33.600E-06,+2.218812787E+00,+886.023857E-03
-33.500E-06,+2.192116807E+00,+880.998732E-03
-33.400E-06,+2.179553993E+00,+901.727375E-03
-33.300E-06,+2.182694696E+00,+899.214812E-03
-33.200E-06,+2.156940928E+00,+913.347978E-03
-33.100E-06,+2.121450979E+00,+930.621847E-03
-33.000E-06,+2.104805250E+00,+937.217324E-03
-32.900E-06,+2.097581632E+00,+945.383153E-03
-32.800E-06,+2.083448466E+00,+947.581646E-03
-32.700E-06,+2.065860527E+00,+957.003756E-03
-32.600E-06,+2.068059019E+00,+954.491193E-03
-32.500E-06,+2.040420829E+00,+985.270087E-03
-32.400E-06,+2.011840427E+00,+976.790188E-03
-32.300E-06,+2.008385653E+00,+999.403253E-03
-32.200E-06,+1.987342940E+00,+1.008825364E+00
-32.100E-06,+1.965986156E+00,+968.938429E-03
-32.000E-06,+1.935207262E+00,+1.021702248E+00
-31.900E-06,+1.933636910E+00,+1.024842951E+00
-31.800E-06,+1.920131885E+00,+1.013222348E+00
-31.700E-06,+1.898461031E+00,+1.022958529E+00
-31.600E-06,+1.851036409E+00,+1.025785162E+00
-31.500E-06,+1.837217313E+00,+1.028611795E+00
-31.400E-06,+1.812091685E+00,+1.030810288E+00
-31.300E-06,+1.794817816E+00,+1.026099233E+00
-31.200E-06,+1.774403244E+00,+1.039290187E+00
-31.100E-06,+1.759327867E+00,+1.029554007E+00
-31.000E-06,+1.733888169E+00,+1.060332901E+00
-30.900E-06,+1.725408269E+00,+1.051224861E+00
-30.800E-06,+1.694001234E+00,+1.062217323E+00
-30.700E-06,+1.679868069E+00,+1.072581644E+00
-30.600E-06,+1.633699727E+00,+1.065043956E+00
-30.500E-06,+1.617368069E+00,+1.066928378E+00
-30.400E-06,+1.611714803E+00,+1.074466066E+00
-30.300E-06,+1.580935909E+00,+1.073523855E+00
-30.200E-06,+1.539792693E+00,+1.071011293E+00
-30.100E-06,+1.533197216E+00,+1.076978629E+00
-30.000E-06,+1.507757518E+00,+1.085772599E+00
-29.900E-06,+1.476350483E+00,+1.073523855E+00
-29.800E-06,+1.435207267E+00,+1.087342951E+00
-29.700E-06,+1.437405760E+00,+1.093624358E+00
-29.600E-06,+1.383699730E+00,+1.090169584E+00
-29.500E-06,+1.372393198E+00,+1.093938428E+00
-29.400E-06,+1.357317821E+00,+1.086400740E+00
-29.300E-06,+1.331249982E+00,+1.099277624E+00
-29.200E-06,+1.309579128E+00,+1.097393202E+00
-29.100E-06,+1.267493701E+00,+1.085144458E+00
-29.000E-06,+1.242054003E+00,+1.103988679E+00
-28.900E-06,+1.215043953E+00,+1.102104257E+00
-28.800E-06,+1.206878124E+00,+1.106501242E+00
-28.700E-06,+1.182380637E+00,+1.100219835E+00
-28.600E-06,+1.139981140E+00,+1.106187172E+00
-28.500E-06,+1.121136919E+00,+1.095194709E+00
-28.400E-06,+1.061777623E+00,+1.082631895E+00
-28.300E-06,+1.050785161E+00,+1.098021342E+00
-28.200E-06,+1.030370588E+00,+1.101790187E+00
-28.100E-06,+995.194709E-03,+1.105873101E+00
-28.000E-06,+969.126870E-03,+1.114353001E+00
-27.900E-06,+928.925866E-03,+1.092368076E+00
-27.800E-06,+895.006268E-03,+1.095822850E+00
-27.700E-06,+881.501243E-03,+1.089227373E+00
-27.600E-06,+842.870590E-03,+1.086714810E+00
-27.500E-06,+829.365565E-03,+1.055935916E+00
-27.400E-06,+774.403254E-03,+1.092996217E+00
-27.300E-06,+747.707275E-03,+1.086400740E+00
-27.200E-06,+729.177124E-03,+1.085772599E+00
-27.100E-06,+716.300240E-03,+1.066928378E+00
-27.000E-06,+667.619336E-03,+1.071953504E+00
-26.900E-06,+648.775115E-03,+1.047456016E+00
-26.800E-06,+620.508784E-03,+1.060961041E+00
-26.700E-06,+592.870593E-03,+1.054365564E+00
-26.600E-06,+568.373106E-03,+1.066614308E+00
-26.500E-06,+535.081649E-03,+1.030810288E+00
-26.400E-06,+489.227378E-03,+1.040546469E+00
-26.300E-06,+481.375619E-03,+1.028297725E+00
-26.200E-06,+422.016323E-03,+1.031438429E+00
-26.100E-06,+407.569087E-03,+1.025785162E+00
-26.000E-06,+370.194716E-03,+1.033322851E+00
-25.900E-06,+353.234917E-03,+1.020131896E+00
-25.800E-06,+325.596726E-03,+1.007883152E+00
-25.700E-06,+279.114315E-03,+1.025785162E+00
-25.600E-06,+232.003763E-03,+1.010709786E+00
-25.500E-06,+239.541451E-03,+991.551494E-03
-25.400E-06,+191.488688E-03,+1.016991193E+00
-25.300E-06,+161.337934E-03,+1.002858027E+00
-25.200E-06,+124.277633E-03,+987.154509E-03
-25.100E-06,+92.556528E-03,+984.641947E-03
-25.000E-06,+75.910799E-03,+980.244962E-03
-24.900E-06,+19.064066E-03,+971.765062E-03
-24.800E-06,+1.790197E-03,+954.805264E-03
-24.700E-06,-23.021360E-03,+957.631897E-03
-24.600E-06,-63.222365E-03,+950.408279E-03
-24.500E-06,-86.463571E-03,+939.415817E-03
-24.400E-06,-120.069098E-03,+935.961043E-03
-24.300E-06,-155.244977E-03,+935.332902E-03
-24.200E-06,-180.370605E-03,+945.383153E-03
-24.100E-06,-213.662062E-03,+912.091696E-03
-24.000E-06,-235.646986E-03,+915.232400E-03
-23.900E-06,-274.591709E-03,+895.131897E-03
-23.800E-06,-316.048995E-03,+895.760038E-03
-23.700E-06,-316.048995E-03,+875.659536E-03
-23.600E-06,-385.144472E-03,+869.378129E-03
-23.500E-06,-399.591708E-03,+858.699737E-03
-23.400E-06,-419.378140E-03,+857.443456E-03
-23.300E-06,-441.363064E-03,+861.212300E-03
-23.200E-06,-478.423365E-03,+837.342953E-03
-23.100E-06,-497.581657E-03,+824.780139E-03
-23.000E-06,-557.255023E-03,+811.589185E-03
-22.900E-06,-562.280149E-03,+793.059034E-03
-22.800E-06,-615.043967E-03,+807.192200E-03
-22.700E-06,-637.657032E-03,+784.579135E-03
-22.600E-06,-672.204770E-03,+783.636924E-03
-22.500E-06,-718.059041E-03,+769.189688E-03
-22.400E-06,-730.935926E-03,+771.388180E-03
-22.300E-06,-740.358036E-03,+758.825366E-03
-22.200E-06,-801.915824E-03,+736.526371E-03
-22.100E-06,-803.486176E-03,+738.724864E-03
-22.000E-06,-860.018839E-03,+723.335417E-03
-21.900E-06,-875.408286E-03,+704.177126E-03
-21.800E-06,-897.079140E-03,+704.491196E-03
-21.700E-06,-944.189692E-03,+702.606774E-03
-21.600E-06,-956.438436E-03,+698.209789E-03
-21.500E-06,-989.415822E-03,+689.101749E-03
-21.400E-06,-1.035898234E+00,+633.825368E-03
-21.300E-06,-1.045634415E+00,+658.950995E-03
-21.200E-06,-1.099026374E+00,+630.056523E-03
-21.100E-06,-1.116928384E+00,+625.973609E-03
-21.000E-06,-1.150533911E+00,+629.428383E-03
-20.900E-06,-1.167179640E+00,+616.865569E-03
-20.800E-06,-1.205182152E+00,+587.971097E-03
-20.700E-06,-1.222141950E+00,+568.498735E-03
-20.600E-06,-1.245383156E+00,+548.712303E-03
-20.500E-06,-1.279930895E+00,+558.448484E-03
-20.400E-06,-1.297518834E+00,+529.554012E-03
-20.300E-06,-1.333636924E+00,+535.521348E-03
-20.200E-06,-1.363159537E+00,+519.817831E-03
-20.100E-06,-1.379177125E+00,+494.692203E-03
-20.000E-06,-1.411840441E+00,+483.071600E-03
-19.900E-06,-1.438850491E+00,+464.227379E-03
-19.800E-06,-1.456752501E+00,+462.971098E-03
-19.700E-06,-1.474026370E+00,+455.747480E-03
-19.600E-06,-1.531815314E+00,+449.152003E-03
-19.500E-06,-1.523335415E+00,+415.860546E-03
-19.400E-06,-1.559139434E+00,+431.878134E-03
-19.300E-06,-1.587405766E+00,+400.471099E-03
-19.200E-06,-1.611275112E+00,+387.594214E-03
-19.100E-06,-1.636400740E+00,+374.403260E-03
-19.000E-06,-1.668121845E+00,+358.071602E-03
-18.900E-06,-1.679428378E+00,+323.523863E-03
-18.800E-06,-1.692933403E+00,+331.689692E-03
-18.700E-06,-1.728109282E+00,+318.498738E-03
-18.600E-06,-1.745697221E+00,+305.935924E-03
-18.500E-06,-1.771450990E+00,+295.885673E-03
-18.400E-06,-1.804114306E+00,+289.604266E-03
-18.300E-06,-1.829868075E+00,+283.950999E-03
-18.200E-06,-1.845885662E+00,+267.933412E-03
-18.100E-06,-1.849340436E+00,+221.765070E-03
-18.000E-06,-1.846513803E+00,+222.393211E-03
-17.900E-06,-1.898963551E+00,+221.765070E-03
-17.800E-06,-1.924089179E+00,+211.400749E-03
-17.700E-06,-1.924089179E+00,+193.184669E-03
-17.600E-06,-1.933511290E+00,+200.722357E-03
-17.500E-06,-1.964604254E+00,+156.124368E-03
-17.400E-06,-1.990986163E+00,+151.413312E-03
-17.300E-06,-2.005747470E+00,+139.792710E-03
-17.200E-06,-2.009516314E+00,+131.312810E-03
-17.100E-06,-2.043435912E+00,+103.674619E-03
-17.000E-06,-2.073900735E+00,+121.576629E-03
-16.900E-06,-2.089290182E+00,+70.383163E-03
-16.800E-06,-2.101224856E+00,+71.011303E-03
-16.700E-06,-2.100596715E+00,+60.961052E-03
-16.600E-06,-2.154616815E+00,+27.041454E-03
-16.500E-06,-2.161526363E+00,+27.041454E-03
-16.400E-06,-2.180370583E+00,+7.883163E-03
-16.300E-06,-2.175973599E+00,-10.018847E-03
-16.200E-06,-2.211149478E+00,-24.152012E-03
-16.100E-06,-2.223084151E+00,-24.466083E-03
-16.000E-06,-2.236275105E+00,-43.624374E-03
-15.900E-06,-2.240358020E+00,-59.327891E-03
-15.800E-06,-2.263599226E+00,-75.345479E-03
-15.700E-06,-2.279616814E+00,-87.908293E-03
-15.600E-06,-2.271765055E+00,-85.395730E-03
-15.500E-06,-2.300345457E+00,-105.810303E-03
-15.400E-06,-2.324528873E+00,-121.827891E-03
-15.300E-06,-2.321074100E+00,-120.257539E-03
-15.200E-06,-2.341174602E+00,-146.953519E-03
-15.100E-06,-2.353109275E+00,-178.674624E-03
-15.000E-06,-2.361275104E+00,-170.508795E-03
-14.900E-06,-2.355621838E+00,-196.262563E-03
-14.800E-06,-2.388913295E+00,-207.883166E-03
-14.700E-06,-2.396450983E+00,-243.373116E-03
-14.600E-06,-2.406501234E+00,-229.239950E-03
-14.500E-06,-2.413724852E+00,-262.845477E-03
-14.400E-06,-2.411526360E+00,-260.646985E-03
-14.300E-06,-2.406501234E+00,-278.863065E-03
-14.200E-06,-2.418121837E+00,-303.360552E-03
-14.100E-06,-2.425345455E+00,-296.765075E-03
-14.000E-06,-2.410898219E+00,-325.973617E-03
-13.900E-06,-2.456752490E+00,-306.187185E-03
-13.800E-06,-2.451413294E+00,-341.048994E-03
-13.700E-06,-2.464918319E+00,-346.074119E-03
-13.600E-06,-2.474654500E+00,-353.925878E-03
-13.500E-06,-2.469001234E+00,-368.373114E-03
-13.400E-06,-2.477795203E+00,-390.986179E-03
-13.300E-06,-2.486903243E+00,-411.400752E-03
-13.200E-06,-2.478423344E+00,-421.451003E-03
-13.100E-06,-2.466802741E+00,-421.765073E-03
-13.000E-06,-2.486903243E+00,-461.337937E-03
-12.900E-06,-2.490672088E+00,-463.222359E-03
-12.800E-06,-2.494440932E+00,-469.503766E-03
-12.700E-06,-2.495383143E+00,-492.116831E-03
-12.600E-06,-2.517996208E+00,-501.853012E-03
-12.500E-06,-2.487217314E+00,-502.167083E-03
-12.400E-06,-2.488473595E+00,-542.054017E-03
-12.300E-06,-2.500094198E+00,-532.003766E-03
-12.200E-06,-2.491614299E+00,-521.639444E-03
-12.100E-06,-2.496639424E+00,-559.641956E-03
-12.000E-06,-2.498837917E+00,-578.486177E-03
-11.900E-06,-2.487531384E+00,-596.702257E-03
-11.800E-06,-2.491614299E+00,-595.760046E-03
-11.700E-06,-2.496953495E+00,-593.875624E-03
-11.600E-06,-2.497895706E+00,-602.355524E-03
-11.500E-06,-2.486903243E+00,-610.835423E-03
-11.400E-06,-2.486903243E+00,-647.581654E-03
-11.300E-06,-2.476224852E+00,-657.003764E-03
-11.200E-06,-2.486589173E+00,-662.028890E-03
-11.100E-06,-2.481878118E+00,-662.657031E-03
-11.000E-06,-2.484076610E+00,-675.847985E-03
-10.900E-06,-2.469629374E+00,-708.825372E-03
-10.800E-06,-2.479679625E+00,-719.503764E-03
-10.700E-06,-2.466802741E+00,-715.734920E-03
-10.600E-06,-2.427229877E+00,-738.347985E-03
-10.500E-06,-2.445131887E+00,-754.679643E-03
-10.400E-06,-2.446702239E+00,-748.084165E-03
-10.300E-06,-2.429428370E+00,-753.109291E-03
-10.200E-06,-2.409956008E+00,-768.184668E-03
-10.100E-06,-2.421576611E+00,-791.739944E-03
-10.000E-06,-2.406501234E+00,-793.310296E-03
-9.900E-06,-2.402418320E+00,-818.435923E-03
-9.800E-06,-2.398649476E+00,-836.337933E-03
-9.700E-06,-2.392368069E+00,-828.486175E-03
-9.600E-06,-2.379805255E+00,-836.337933E-03
-9.500E-06,-2.330182140E+00,-842.619340E-03
-9.400E-06,-2.348398220E+00,-840.734918E-03
-9.300E-06,-2.326099225E+00,-868.687179E-03
-9.200E-06,-2.323900733E+00,-890.986174E-03
-9.100E-06,-2.311966059E+00,-882.506275E-03
-9.000E-06,-2.303800230E+00,-898.209792E-03
-8.900E-06,-2.302543949E+00,-882.820345E-03
-8.800E-06,-2.266425859E+00,-915.169591E-03
-8.700E-06,-2.260458522E+00,-923.963561E-03
-8.600E-06,-2.245697216E+00,-920.194716E-03
-8.500E-06,-2.238787668E+00,-932.129390E-03
-8.400E-06,-2.227167065E+00,-949.089188E-03
-8.300E-06,-2.222770080E+00,-957.255017E-03
-8.200E-06,-2.184767568E+00,-975.157027E-03
-8.100E-06,-2.165295207E+00,-969.503761E-03
-8.000E-06,-2.166237418E+00,-980.810294E-03
-7.900E-06,-2.159013800E+00,-977.983660E-03
-7.800E-06,-2.110332896E+00,-984.265067E-03
-7.700E-06,-2.081752494E+00,-984.265067E-03
-7.600E-06,-2.093373097E+00,-1.000282655E+00
-7.500E-06,-2.049717319E+00,-1.009390695E+00
-7.400E-06,-2.050659530E+00,-1.018812806E+00
-7.300E-06,-2.040609278E+00,-1.020383157E+00
-7.200E-06,-2.004491188E+00,-1.015672102E+00
-7.100E-06,-2.004491188E+00,-1.031375620E+00
-7.000E-06,-1.998523852E+00,-1.034516323E+00
-6.900E-06,-1.953611792E+00,-1.048021348E+00
-6.800E-06,-1.947644455E+00,-1.058071599E+00
-6.700E-06,-1.924089179E+00,-1.061212303E+00
-6.600E-06,-1.904930888E+00,-1.064667077E+00
-6.500E-06,-1.854679632E+00,-1.061840443E+00
-6.400E-06,-1.847770084E+00,-1.064667077E+00
-6.300E-06,-1.841802748E+00,-1.064667077E+00
-6.200E-06,-1.813222346E+00,-1.083511297E+00
-6.100E-06,-1.817933401E+00,-1.064667077E+00
-6.000E-06,-1.759516317E+00,-1.076915820E+00
-5.900E-06,-1.748837925E+00,-1.079742453E+00
-5.800E-06,-1.727481141E+00,-1.076601750E+00
-5.700E-06,-1.697330388E+00,-1.092619338E+00
-5.600E-06,-1.673461041E+00,-1.094817830E+00
-5.500E-06,-1.648335413E+00,-1.095760041E+00
-5.400E-06,-1.621011293E+00,-1.101727378E+00
-5.300E-06,-1.607506268E+00,-1.114918332E+00
-5.200E-06,-1.587405766E+00,-1.099842956E+00
-5.100E-06,-1.549717324E+00,-1.129051498E+00
-5.000E-06,-1.517368078E+00,-1.135018835E+00
-4.900E-06,-1.514227375E+00,-1.138787679E+00
-4.800E-06,-1.472770089E+00,-1.123084161E+00
-4.700E-06,-1.472770089E+00,-1.132506272E+00
-4.600E-06,-1.432569084E+00,-1.136903257E+00
-4.500E-06,-1.426601747E+00,-1.131878131E+00
-4.400E-06,-1.376350492E+00,-1.135018835E+00
-4.300E-06,-1.360961044E+00,-1.143498734E+00
-4.200E-06,-1.333322854E+00,-1.136589186E+00
-4.100E-06,-1.293749990E+00,-1.137217327E+00
-4.000E-06,-1.276790191E+00,-1.126224865E+00
-3.900E-06,-1.234704764E+00,-1.133762553E+00
-3.800E-06,-1.218687177E+00,-1.138787679E+00
-3.700E-06,-1.196074112E+00,-1.134076624E+00
-3.600E-06,-1.177858031E+00,-1.136275116E+00
-3.500E-06,-1.126350494E+00,-1.135961046E+00
-3.400E-06,-1.115043962E+00,-1.142870593E+00
-3.300E-06,-1.079868083E+00,-1.138787679E+00
-3.200E-06,-1.044692204E+00,-1.136589186E+00
-3.100E-06,-1.019880646E+00,-1.145069086E+00
-3.000E-06,-1.005433410E+00,-1.133448483E+00
-2.900E-06,-961.149491E-03,-1.129993709E+00
-2.800E-06,-931.940949E-03,-1.124968583E+00
-2.700E-06,-895.822859E-03,-1.140043960E+00
-2.600E-06,-878.234919E-03,-1.130935920E+00
-2.500E-06,-858.762557E-03,-1.140043960E+00
-2.400E-06,-842.430899E-03,-1.100785167E+00
-2.300E-06,-792.179644E-03,-1.117744965E+00
-2.200E-06,-743.812810E-03,-1.109893207E+00
-2.100E-06,-737.531403E-03,-1.111149488E+00
-2.000E-06,-704.868087E-03,-1.097644463E+00
-1.900E-06,-680.684670E-03,-1.115546473E+00
-1.800E-06,-627.292711E-03,-1.101099237E+00
-1.700E-06,-581.752510E-03,-1.092305267E+00
-1.600E-06,-569.503767E-03,-1.094503760E+00
-1.500E-06,-557.255023E-03,-1.077543961E+00
-1.400E-06,-499.780149E-03,-1.074717328E+00
-1.300E-06,-476.538943E-03,-1.097644463E+00
-1.200E-06,-475.910803E-03,-1.075345468E+00
-1.100E-06,-434.453517E-03,-1.069692202E+00
-1.000E-06,-392.682160E-03,-1.063724866E+00
-900E-09,-382.317839E-03,-1.068121850E+00
-800E-09,-319.189699E-03,-1.068435921E+00
-700E-09,-312.280151E-03,-1.041111800E+00
-600E-09,-271.765076E-03,-1.049905770E+00
-500E-09,-237.531408E-03,-1.060584162E+00
-400E-09,-219.315328E-03,-1.043310293E+00
-300E-09,-183.197238E-03,-1.044880645E+00
-200E-09,-142.054022E-03,-1.024466072E+00
-100E-09,-134.516334E-03,-1.028863057E+00
+0.0E+00,-89.918345E-03,-1.014415821E+00
+100E-09,-53.486184E-03,-1.012531399E+00
+200E-09,-26.162064E-03,-992.430896E-03
+300E-09,-1.350506E-03,-1.006878132E+00
+400E-09,+30.370599E-03,-987.405771E-03
+500E-09,+75.910799E-03,-984.265067E-03
+600E-09,+91.300246E-03,-977.669590E-03
+700E-09,+121.136930E-03,-965.420846E-03
+800E-09,+168.561552E-03,-966.048987E-03
+900E-09,+179.868085E-03,-956.312806E-03
+1.000E-06,+219.440949E-03,-957.255017E-03
+1.100E-06,+246.765069E-03,-931.501249E-03
+1.200E-06,+271.890697E-03,-914.541450E-03
+1.300E-06,+326.224867E-03,-910.458536E-03
+1.400E-06,+351.664565E-03,-917.368083E-03
+1.500E-06,+359.202254E-03,-907.945973E-03
+1.600E-06,+401.915821E-03,-903.863058E-03
+1.700E-06,+427.983660E-03,-901.036425E-03
+1.800E-06,+454.679640E-03,-881.878134E-03
+1.900E-06,+492.368081E-03,-873.398234E-03
+2.000E-06,+540.420845E-03,-852.355521E-03
+2.100E-06,+558.322855E-03,-869.001250E-03
+2.200E-06,+575.596724E-03,-828.800245E-03
+2.300E-06,+605.119336E-03,-821.890697E-03
+2.400E-06,+636.840442E-03,-817.807783E-03
+2.500E-06,+693.687175E-03,-813.724868E-03
+2.600E-06,+688.033908E-03,-812.154516E-03
+2.700E-06,+724.466069E-03,-811.526376E-03
+2.800E-06,+734.516320E-03,-770.383160E-03
+2.900E-06,+786.651998E-03,-769.755019E-03
+3.000E-06,+818.373103E-03,-762.217331E-03
+3.100E-06,+844.755012E-03,-752.795221E-03
+3.200E-06,+876.162047E-03,-742.744969E-03
+3.300E-06,+896.262549E-03,-716.991201E-03
+3.400E-06,+961.589182E-03,-722.958538E-03
+3.500E-06,+970.383152E-03,-727.041452E-03
+3.600E-06,+1.001790186E+00,-680.559040E-03
+3.700E-06,+1.031626870E+00,-678.988689E-03
+3.800E-06,+1.041677121E+00,-668.624367E-03
+3.900E-06,+1.077795211E+00,-665.169593E-03
+4.000E-06,+1.116111793E+00,-655.747483E-03
+4.100E-06,+1.145320336E+00,-638.159543E-03
+4.200E-06,+1.174842948E+00,-610.521353E-03
+4.300E-06,+1.212845461E+00,-609.893212E-03
+4.400E-06,+1.221325360E+00,-577.858037E-03
+4.500E-06,+1.245822847E+00,-584.139444E-03
+4.600E-06,+1.265295209E+00,-582.255021E-03
+4.700E-06,+1.301727369E+00,-582.569092E-03
+4.800E-06,+1.325282645E+00,-575.659544E-03
+4.900E-06,+1.352292695E+00,-547.707283E-03
+5.000E-06,+1.377418323E+00,-537.028891E-03
+5.100E-06,+1.398775107E+00,-510.018841E-03
+5.200E-06,+1.429554001E+00,-503.423364E-03
+5.300E-06,+1.450282644E+00,-501.853012E-03
+5.400E-06,+1.488599227E+00,-498.084168E-03
+5.500E-06,+1.508071588E+00,-464.792711E-03
+5.600E-06,+1.518749980E+00,-437.154520E-03
+5.700E-06,+1.539478623E+00,-432.757536E-03
+5.800E-06,+1.569001236E+00,-428.988691E-03
+5.900E-06,+1.594126864E+00,-418.624370E-03
+6.000E-06,+1.616425858E+00,-395.697235E-03
+6.100E-06,+1.650973597E+00,-413.913315E-03
+6.200E-06,+1.665734903E+00,-352.355526E-03
+6.300E-06,+1.694001234E+00,-361.777637E-03
+6.400E-06,+1.727292691E+00,-344.503768E-03
+6.500E-06,+1.739541435E+00,-338.222361E-03
+6.600E-06,+1.759641937E+00,-336.023868E-03
+6.700E-06,+1.772832892E+00,-293.310301E-03
+6.800E-06,+1.781312791E+00,-283.574120E-03
+6.900E-06,+1.829051484E+00,-261.275125E-03
+7.000E-06,+1.851350479E+00,-265.043970E-03
+7.100E-06,+1.868310278E+00,-259.076633E-03
+7.200E-06,+1.877104247E+00,-250.596734E-03
+7.300E-06,+1.915106760E+00,-237.091709E-03
+7.400E-06,+1.901915805E+00,-214.792714E-03
+7.500E-06,+1.939918317E+00,-205.684674E-03
+7.600E-06,+1.983888166E+00,-195.320352E-03
+7.700E-06,+1.952167061E+00,-172.393217E-03
+7.800E-06,+2.003360528E+00,-180.244976E-03
+7.900E-06,+2.012468568E+00,-157.631910E-03
+8.000E-06,+2.023461030E+00,-153.234926E-03
+8.100E-06,+2.046388165E+00,-133.762564E-03
+8.200E-06,+2.050157009E+00,-122.141961E-03
+8.300E-06,+2.093184647E+00,-96.388192E-03
+8.400E-06,+2.097267562E+00,-99.842966E-03
+8.500E-06,+2.102920828E+00,-67.493720E-03
+8.600E-06,+2.126162034E+00,-47.393218E-03
+8.700E-06,+2.134013792E+00,-28.548997E-03
+8.800E-06,+2.176413289E+00,-15.358043E-03
+8.900E-06,+2.180182134E+00,-20.697239E-03
+9.000E-06,+2.188347963E+00,-16.614324E-03
+9.100E-06,+2.204679621E+00,+10.709796E-03
+9.200E-06,+2.235458515E+00,+26.413314E-03
+9.300E-06,+2.229177108E+00,+43.373113E-03
+9.400E-06,+2.246765048E+00,+55.307786E-03
+9.500E-06,+2.254930877E+00,+61.589193E-03
+9.600E-06,+2.263410776E+00,+72.581655E-03
+9.700E-06,+2.266865550E+00,+101.162057E-03
+9.800E-06,+2.297016303E+00,+109.327886E-03
+9.900E-06,+2.308322836E+00,+128.800247E-03
+10.000E-06,+2.316802735E+00,+126.601755E-03
+10.100E-06,+2.325596705E+00,+146.388187E-03
+10.200E-06,+2.335018815E+00,+170.257533E-03
+10.300E-06,+2.332192182E+00,+190.986176E-03
+10.400E-06,+2.351350474E+00,+203.863061E-03
+10.500E-06,+2.357317810E+00,+203.548990E-03
+10.600E-06,+2.371765046E+00,+231.815322E-03
+10.700E-06,+2.360144443E+00,+226.162055E-03
+10.800E-06,+2.378674594E+00,+234.641955E-03
+10.900E-06,+2.408825347E+00,+270.760045E-03
+11.000E-06,+2.405684644E+00,+273.900748E-03
+11.100E-06,+2.416048965E+00,+298.398235E-03
+11.200E-06,+2.408511277E+00,+302.167080E-03
+11.300E-06,+2.412908262E+00,+311.275120E-03
+11.400E-06,+2.433636905E+00,+319.755019E-03
+11.500E-06,+2.427669568E+00,+328.234919E-03
+11.600E-06,+2.424214794E+00,+364.667079E-03
+11.700E-06,+2.429868061E+00,+366.865571E-03
+11.800E-06,+2.452795196E+00,+355.559039E-03
+11.900E-06,+2.417933387E+00,+392.305270E-03
+12.000E-06,+2.475094191E+00,+404.868084E-03
+12.100E-06,+2.452481126E+00,+404.239943E-03
+12.200E-06,+2.480119316E+00,+417.744968E-03
+12.300E-06,+2.442744945E+00,+452.920847E-03
+12.400E-06,+2.470697206E+00,+451.978636E-03
+12.500E-06,+2.462531377E+00,+467.996224E-03
+12.600E-06,+2.454679618E+00,+471.450997E-03
+12.700E-06,+2.471325347E+00,+497.518836E-03
+12.800E-06,+2.478234894E+00,+500.973610E-03
+12.900E-06,+2.476036402E+00,+531.124364E-03
+13.000E-06,+2.458762533E+00,+554.993710E-03
+13.100E-06,+2.448084141E+00,+538.976122E-03
+13.200E-06,+2.458134392E+00,+556.878132E-03
+13.300E-06,+2.462531377E+00,+579.805268E-03
+13.400E-06,+2.469754995E+00,+570.383157E-03
+13.500E-06,+2.468812784E+00,+600.219840E-03
+13.600E-06,+2.437405749E+00,+601.162051E-03
+13.700E-06,+2.437091679E+00,+596.450996E-03
+13.800E-06,+2.442744945E+00,+625.031398E-03
+13.900E-06,+2.429868061E+00,+634.767579E-03
+14.000E-06,+2.438347960E+00,+662.719840E-03
+14.100E-06,+2.420131880E+00,+669.001247E-03
+14.200E-06,+2.426099216E+00,+658.950995E-03
+14.300E-06,+2.421702232E+00,+699.780141E-03
+14.400E-06,+2.417305247E+00,+703.863055E-03
+14.500E-06,+2.409139418E+00,+704.177126E-03
+14.600E-06,+2.410709769E+00,+704.177126E-03
+14.700E-06,+2.397518815E+00,+726.476120E-03
+14.800E-06,+2.407569066E+00,+730.873105E-03
+14.900E-06,+2.368938413E+00,+749.403256E-03
+15.000E-06,+2.382129368E+00,+769.503758E-03
+15.100E-06,+2.373021328E+00,+767.305266E-03
+15.200E-06,+2.343498715E+00,+769.503758E-03
+15.300E-06,+2.342242433E+00,+784.579135E-03
+15.400E-06,+2.334076604E+00,+789.604260E-03
+15.500E-06,+2.327167057E+00,+799.654511E-03
+15.600E-06,+2.302041429E+00,+818.498732E-03
+15.700E-06,+2.299842936E+00,+818.498732E-03
+15.800E-06,+2.283197208E+00,+853.674611E-03
+15.900E-06,+2.278172082E+00,+838.285164E-03
+16.000E-06,+2.265923339E+00,+832.631898E-03
+16.100E-06,+2.256815299E+00,+863.410792E-03
+16.200E-06,+2.255559017E+00,+859.327878E-03
+16.300E-06,+2.216300224E+00,+888.536420E-03
+16.400E-06,+2.204051480E+00,+898.900742E-03
+16.500E-06,+2.199654495E+00,+897.016319E-03
+16.600E-06,+2.178611782E+00,+903.297726E-03
+16.700E-06,+2.178925852E+00,+934.076621E-03
+16.800E-06,+2.156312787E+00,+929.365565E-03
+16.900E-06,+2.136212285E+00,+945.383153E-03
+17.000E-06,+2.107631883E+00,+938.473605E-03
+17.100E-06,+2.099151984E+00,+940.043957E-03
+17.200E-06,+2.098209773E+00,+950.094208E-03
+17.300E-06,+2.074026356E+00,+948.523857E-03
+17.400E-06,+2.030998718E+00,+971.765062E-03
+17.500E-06,+2.030684648E+00,+965.483655E-03
+17.600E-06,+2.034767562E+00,+948.837927E-03
+17.700E-06,+1.999905754E+00,+962.342952E-03
+17.800E-06,+1.971011282E+00,+976.476118E-03
+17.900E-06,+1.982003744E+00,+1.003486168E+00
+18.000E-06,+1.953109272E+00,+995.634409E-03
+18.100E-06,+1.944001232E+00,+1.024214811E+00
+18.200E-06,+1.933636910E+00,+1.013536419E+00
+18.300E-06,+1.891237413E+00,+1.021702248E+00
+18.400E-06,+1.866739926E+00,+1.025785162E+00
+18.500E-06,+1.846325353E+00,+1.025785162E+00
+18.600E-06,+1.834390680E+00,+1.027041444E+00
+18.700E-06,+1.785709776E+00,+1.031124358E+00
+18.800E-06,+1.779428369E+00,+1.034893202E+00
+18.900E-06,+1.764667063E+00,+1.033322851E+00
+19.000E-06,+1.748021334E+00,+1.028611795E+00
+19.100E-06,+1.714101737E+00,+1.052167072E+00
+19.200E-06,+1.692430883E+00,+1.045885665E+00
+19.300E-06,+1.667305255E+00,+1.065358026E+00
+19.400E-06,+1.634013798E+00,+1.050596720E+00
+19.500E-06,+1.614227366E+00,+1.072581644E+00
+19.600E-06,+1.600094200E+00,+1.054051494E+00
+19.700E-06,+1.595697215E+00,+1.068184659E+00
+19.800E-06,+1.566488673E+00,+1.060646971E+00
+19.900E-06,+1.537280131E+00,+1.088599232E+00
+20.000E-06,+1.512468573E+00,+1.086086669E+00
+20.100E-06,+1.503046463E+00,+1.090169584E+00
+20.200E-06,+1.452795207E+00,+1.085458529E+00
+20.300E-06,+1.442116815E+00,+1.093624358E+00
+20.400E-06,+1.383385660E+00,+1.089855513E+00
+20.500E-06,+1.373335409E+00,+1.072895715E+00
+20.600E-06,+1.351978625E+00,+1.096450991E+00
+20.700E-06,+1.303297721E+00,+1.099905765E+00
+20.800E-06,+1.302041440E+00,+1.082317825E+00
+20.900E-06,+1.287594204E+00,+1.106187172E+00
+21.000E-06,+1.234516315E+00,+1.088913302E+00
+21.100E-06,+1.227606767E+00,+1.103360538E+00
+21.200E-06,+1.212845461E+00,+1.091111795E+00
+21.300E-06,+1.162594205E+00,+1.090797724E+00
+21.400E-06,+1.141237421E+00,+1.087028880E+00
+21.500E-06,+1.096011291E+00,+1.108071594E+00
+21.600E-06,+1.079993703E+00,+1.090169584E+00
+21.700E-06,+1.050785161E+00,+1.106187172E+00
+21.800E-06,+1.031940940E+00,+1.103988679E+00
+21.900E-06,+1.009956016E+00,+1.101162046E+00
+22.000E-06,+971.953503E-03,+1.112468578E+00
+22.100E-06,+940.546469E-03,+1.099277624E+00
+22.200E-06,+902.229886E-03,+1.095822850E+00
+22.300E-06,+884.641947E-03,+1.080747473E+00
+22.400E-06,+870.822851E-03,+1.062845463E+00
+22.500E-06,+819.315314E-03,+1.110584156E+00
+22.600E-06,+785.709787E-03,+1.090169584E+00
+22.700E-06,+762.154511E-03,+1.079491192E+00
+22.800E-06,+733.574109E-03,+1.076664559E+00
+22.900E-06,+699.340441E-03,+1.078548981E+00
+23.000E-06,+669.189688E-03,+1.072581644E+00
+23.100E-06,+638.724864E-03,+1.052795212E+00
+23.200E-06,+626.162050E-03,+1.055307775E+00
+23.300E-06,+587.217327E-03,+1.062217323E+00
+23.400E-06,+563.976121E-03,+1.039918328E+00
+23.500E-06,+511.526373E-03,+1.059390690E+00
+23.600E-06,+488.913308E-03,+1.054365564E+00
+23.700E-06,+473.209790E-03,+1.078863051E+00
+23.800E-06,+423.272605E-03,+1.040546469E+00
+23.900E-06,+414.164565E-03,+1.036777625E+00
+24.000E-06,+371.765068E-03,+1.025785162E+00
+24.100E-06,+329.679641E-03,+1.027983655E+00
+24.200E-06,+312.091701E-03,+1.029239936E+00
+24.300E-06,+279.742456E-03,+1.027983655E+00
+24.400E-06,+246.765069E-03,+1.020760037E+00
+24.500E-06,+196.199743E-03,+1.013850489E+00
+24.600E-06,+201.538939E-03,+1.011966067E+00
+24.700E-06,+161.337934E-03,+1.008197223E+00
+24.800E-06,+124.277633E-03,+990.295213E-03
+24.900E-06,+90.043965E-03,+986.212298E-03
+25.000E-06,+75.910799E-03,+985.898228E-03
+25.100E-06,+17.493715E-03,+994.692198E-03
+25.200E-06,+14.038941E-03,+959.830389E-03
+25.300E-06,-22.393220E-03,+957.945967E-03
+25.400E-06,-66.048998E-03,+952.292701E-03
+25.500E-06,-91.174626E-03,+945.383153E-03
+25.600E-06,-111.589199E-03,+959.516319E-03
+25.700E-06,-152.732414E-03,+946.325364E-03
+25.800E-06,-170.320354E-03,+926.224862E-03
+25.900E-06,-210.835429E-03,+925.282651E-03
+26.000E-06,-240.043971E-03,+907.066571E-03
+26.100E-06,-270.822865E-03,+912.719837E-03
+26.200E-06,-311.023870E-03,+908.008782E-03
+26.300E-06,-325.785176E-03,+881.940943E-03
+26.400E-06,-355.307789E-03,+880.056521E-03
+26.500E-06,-393.624371E-03,+875.031395E-03
+26.600E-06,-414.981155E-03,+867.179636E-03
+26.700E-06,-452.983667E-03,+850.219838E-03
+26.800E-06,-484.704772E-03,+853.360541E-03
+26.900E-06,-536.840450E-03,+814.729888E-03
+27.000E-06,-561.652008E-03,+805.935918E-03
+27.100E-06,-560.709797E-03,+812.845466E-03
+27.200E-06,-604.993716E-03,+784.579135E-03
+27.300E-06,-639.541454E-03,+796.199738E-03
+27.400E-06,-656.501253E-03,+791.802753E-03
+27.500E-06,-703.611805E-03,+784.265064E-03
+27.600E-06,-719.001252E-03,+779.554009E-03
+27.700E-06,-772.079141E-03,+766.363055E-03
+27.800E-06,-785.898237E-03,+737.154512E-03
+27.900E-06,-806.626880E-03,+744.692201E-03
+28.000E-06,-865.672105E-03,+715.169588E-03
+28.100E-06,-879.177130E-03,+704.177126E-03
+28.200E-06,-903.674617E-03,+712.971095E-03
+28.300E-06,-920.634416E-03,+695.383156E-03
+28.400E-06,-965.232406E-03,+687.217327E-03
+28.500E-06,-990.986174E-03,+686.903256E-03
+28.600E-06,-1.039667078E+00,+688.473608E-03
+28.700E-06,-1.073586676E+00,+639.792704E-03
+28.800E-06,-1.065420847E+00,+633.825368E-03
+28.900E-06,-1.107506273E+00,+633.825368E-03
+29.000E-06,-1.124152002E+00,+625.659538E-03
+29.100E-06,-1.184139438E+00,+619.064061E-03
+29.200E-06,-1.190106775E+00,+592.054011E-03
+29.300E-06,-1.203297730E+00,+593.624363E-03
+29.400E-06,-1.246011297E+00,+553.737429E-03
+29.500E-06,-1.294378131E+00,+549.026373E-03
+29.600E-06,-1.297832904E+00,+539.918333E-03
+29.700E-06,-1.348712301E+00,+540.546474E-03
+29.800E-06,-1.353109286E+00,+529.868082E-03
+29.900E-06,-1.377920843E+00,+502.229892E-03
+30.000E-06,-1.406815315E+00,+517.305268E-03
+30.100E-06,-1.443875616E+00,+472.079138E-03
+30.200E-06,-1.446388179E+00,+470.194716E-03
+30.300E-06,-1.483134410E+00,+450.094214E-03
+30.400E-06,-1.520194711E+00,+449.466073E-03
+30.500E-06,-1.544064058E+00,+432.192204E-03
+30.600E-06,-1.563536419E+00,+416.488686E-03
+30.700E-06,-1.595257524E+00,+388.536425E-03
+30.800E-06,-1.602481142E+00,+385.081652E-03
+30.900E-06,-1.632631896E+00,+388.222355E-03
+31.000E-06,-1.665923353E+00,+362.468587E-03
+31.100E-06,-1.660584157E+00,+357.443461E-03
+31.200E-06,-1.697958528E+00,+339.541451E-03
+31.300E-06,-1.728109282E+00,+318.498738E-03
+31.400E-06,-1.746639432E+00,+309.704768E-03
+31.500E-06,-1.766425864E+00,+299.026376E-03
+31.600E-06,-1.781187171E+00,+278.925874E-03
+31.700E-06,-1.818247472E+00,+284.893210E-03
+31.800E-06,-1.849654507E+00,+260.395723E-03
+31.900E-06,-1.843687170E+00,+257.569090E-03
+32.000E-06,-1.872267572E+00,+229.930899E-03
+32.100E-06,-1.910898225E+00,+223.335422E-03
+32.200E-06,-1.919064054E+00,+211.714819E-03
+32.300E-06,-1.946074104E+00,+185.018840E-03
+32.400E-06,-1.952041440E+00,+198.209794E-03
+32.500E-06,-1.989415812E+00,+175.910800E-03
+32.600E-06,-1.998209781E+00,+143.875624E-03
+32.700E-06,-2.013599228E+00,+135.709795E-03
+32.800E-06,-2.015483651E+00,+143.247483E-03
+32.900E-06,-2.043121841E+00,+133.197232E-03
+33.000E-06,-2.072644454E+00,+116.551504E-03
+33.100E-06,-2.099968574E+00,+71.011303E-03
+33.200E-06,-2.094943449E+00,+84.516328E-03
+33.300E-06,-2.117870584E+00,+57.192208E-03
+33.400E-06,-2.155244956E+00,+50.910801E-03
+33.500E-06,-2.157443448E+00,+40.860550E-03
+33.600E-06,-2.173146965E+00,+15.734922E-03
+33.700E-06,-2.204239930E+00,-27.606786E-03
+33.800E-06,-2.233762543E+00,-29.177138E-03
+33.900E-06,-2.235646965E+00,-23.523872E-03
+34.000E-06,-2.242870583E+00,-53.360555E-03
+34.100E-06,-2.245697216E+00,-37.028897E-03
+34.200E-06,-2.259830382E+00,-76.287690E-03
+34.300E-06,-2.267368070E+00,-98.586685E-03
+34.400E-06,-2.305684652E+00,-80.370605E-03
+34.500E-06,-2.317619326E+00,-112.405780E-03
+34.600E-06,-2.301287668E+00,-108.636936E-03
+34.700E-06,-2.328611788E+00,-140.358041E-03
+34.800E-06,-2.338033898E+00,-160.144473E-03
+34.900E-06,-2.352167064E+00,-180.244976E-03
+35.000E-06,-2.347141938E+00,-185.270101E-03
+35.100E-06,-2.372267566E+00,-176.790202E-03
+35.200E-06,-2.383574099E+00,-201.915830E-03
+35.300E-06,-2.404302742E+00,-235.521357E-03
+35.400E-06,-2.406501234E+00,-241.802764E-03
+35.500E-06,-2.402732390E+00,-254.679648E-03
+35.600E-06,-2.406501234E+00,-251.224874E-03
+35.700E-06,-2.412154501E+00,-265.672110E-03
+35.800E-06,-2.421576611E+00,-283.260050E-03
+35.900E-06,-2.414667063E+00,-287.342964E-03
+36.000E-06,-2.452041435E+00,-313.096733E-03
+36.100E-06,-2.446702239E+00,-324.717336E-03
+36.200E-06,-2.469315304E+00,-342.305275E-03
+36.300E-06,-2.467116812E+00,-336.337939E-03
+36.400E-06,-2.478109274E+00,-352.355526E-03
+36.500E-06,-2.483134399E+00,-371.199747E-03
+36.600E-06,-2.479051485E+00,-385.961054E-03
+36.700E-06,-2.483448470E+00,-421.451003E-03
+36.800E-06,-2.482820329E+00,-419.566581E-03
+36.900E-06,-2.477167063E+00,-436.526380E-03
+37.000E-06,-2.486903243E+00,-421.451003E-03
+37.100E-06,-2.482192188E+00,-455.370601E-03
+37.200E-06,-2.492242439E+00,-456.626882E-03
+37.300E-06,-2.495383143E+00,-495.257535E-03
+37.400E-06,-2.496953495E+00,-501.853012E-03
+37.500E-06,-2.492556510E+00,-502.481153E-03
+37.600E-06,-2.496953495E+00,-507.820349E-03
+37.700E-06,-2.490672088E+00,-526.664570E-03
+37.800E-06,-2.491614299E+00,-563.096730E-03
+37.900E-06,-2.492870580E+00,-549.905776E-03
+38.000E-06,-2.488159525E+00,-571.890700E-03
+38.100E-06,-2.506061535E+00,-582.255021E-03
+38.200E-06,-2.510144449E+00,-591.363062E-03
+38.300E-06,-2.492242439E+00,-611.149494E-03
+38.400E-06,-2.485646962E+00,-626.224870E-03
+38.500E-06,-2.489101736E+00,-614.604267E-03
+38.600E-06,-2.498523846E+00,-652.606779E-03
+38.700E-06,-2.486903243E+00,-653.234920E-03
+38.800E-06,-2.487217314E+00,-677.418337E-03
+38.900E-06,-2.471199726E+00,-670.822860E-03
+39.000E-06,-2.457066560E+00,-697.204769E-03
+39.100E-06,-2.481878118E+00,-688.410799E-03
+39.200E-06,-2.461777616E+00,-695.948488E-03
+39.300E-06,-2.461777616E+00,-724.528889E-03
+39.400E-06,-2.436651988E+00,-743.059040E-03
+39.500E-06,-2.454239927E+00,-743.059040E-03
+39.600E-06,-2.428486159E+00,-746.513814E-03
+39.700E-06,-2.411526360E+00,-773.523864E-03
+39.800E-06,-2.416865556E+00,-751.538939E-03
+39.900E-06,-2.406501234E+00,-771.011301E-03
+40.000E-06,-2.406501234E+00,-793.310296E-03
+40.100E-06,-2.405244953E+00,-797.707280E-03
+40.200E-06,-2.389541435E+00,-816.551501E-03
+40.300E-06,-2.394252491E+00,-821.262557E-03
+40.400E-06,-2.384516310E+00,-827.543964E-03
+40.500E-06,-2.356878119E+00,-831.940948E-03
+40.600E-06,-2.340232391E+00,-848.900747E-03
+40.700E-06,-2.326099225E+00,-867.744968E-03
+40.800E-06,-2.324842944E+00,-879.993712E-03
+40.900E-06,-2.306940934E+00,-887.531400E-03
+41.000E-06,-2.295320331E+00,-901.978636E-03
+41.100E-06,-2.266111789E+00,-891.614315E-03
+41.200E-06,-2.266425859E+00,-904.491199E-03
+41.300E-06,-2.255433397E+00,-913.913309E-03
+41.400E-06,-2.248837919E+00,-924.905772E-03
+41.500E-06,-2.240672090E+00,-924.591701E-03
+41.600E-06,-2.238787668E+00,-917.996224E-03
+41.700E-06,-2.200471086E+00,-958.825369E-03
+41.800E-06,-2.191991186E+00,-937.782656E-03
+41.900E-06,-2.165295207E+00,-984.265067E-03
+42.000E-06,-2.164667066E+00,-981.752505E-03
+42.100E-06,-2.157129378E+00,-984.265067E-03
+42.200E-06,-2.135144453E+00,-984.265067E-03
+42.300E-06,-2.099968574E+00,-1.002795218E+00
+42.400E-06,-2.079239931E+00,-988.662052E-03
+42.500E-06,-2.069817821E+00,-1.039227378E+00
+42.600E-06,-2.046262545E+00,-1.015986173E+00
+42.700E-06,-2.038724856E+00,-1.006878132E+00
+42.800E-06,-2.004491188E+00,-1.030433409E+00
+42.900E-06,-1.997581641E+00,-1.021953509E+00
+43.000E-06,-1.982820334E+00,-1.031375620E+00
+43.100E-06,-1.947958526E+00,-1.054302755E+00
+43.200E-06,-1.924089179E+00,-1.037028886E+00
+43.300E-06,-1.930684656E+00,-1.051162052E+00
+43.400E-06,-1.905873099E+00,-1.061840443E+00
+43.500E-06,-1.892682144E+00,-1.070634413E+00
+43.600E-06,-1.851224858E+00,-1.069692202E+00
+43.700E-06,-1.830182145E+00,-1.079428383E+00
+43.800E-06,-1.794064055E+00,-1.074403257E+00
+43.900E-06,-1.778360538E+00,-1.090734916E+00
+44.000E-06,-1.771136919E+00,-1.070948484E+00
+44.100E-06,-1.747581643E+00,-1.091991197E+00
+44.200E-06,-1.697958528E+00,-1.075345468E+00
+44.300E-06,-1.687280136E+00,-1.104239940E+00
+44.400E-06,-1.682883152E+00,-1.100157026E+00
+44.500E-06,-1.655559031E+00,-1.095760041E+00
+44.600E-06,-1.631061544E+00,-1.099842956E+00
+44.700E-06,-1.610332901E+00,-1.110207277E+00
+44.800E-06,-1.574214811E+00,-1.113347981E+00
+44.900E-06,-1.575157022E+00,-1.127795217E+00
+45.000E-06,-1.522393204E+00,-1.105182152E+00
+45.100E-06,-1.514227375E+00,-1.117744965E+00
+45.200E-06,-1.486589184E+00,-1.134076624E+00
+45.300E-06,-1.449214812E+00,-1.126538935E+00
+45.400E-06,-1.439792702E+00,-1.117116825E+00
+45.500E-06,-1.420634411E+00,-1.144126875E+00
+45.600E-06,-1.362845467E+00,-1.116488684E+00
+45.700E-06,-1.356878130E+00,-1.139729890E+00
+45.800E-06,-1.342744964E+00,-1.137845468E+00
+45.900E-06,-1.302543960E+00,-1.138159538E+00
+46.000E-06,-1.280873106E+00,-1.143184664E+00
+46.100E-06,-1.245697227E+00,-1.135018835E+00
+46.200E-06,-1.215546473E+00,-1.131564061E+00
+46.300E-06,-1.185709790E+00,-1.140043960E+00
+46.400E-06,-1.175973609E+00,-1.132192201E+00
+46.500E-06,-1.143624363E+00,-1.139101749E+00
+46.600E-06,-1.120697228E+00,-1.126853006E+00
+46.700E-06,-1.088662052E+00,-1.135018835E+00
+46.800E-06,-1.054742455E+00,-1.136589186E+00
+46.900E-06,-1.034956023E+00,-1.125596724E+00
+47.000E-06,-1.013913310E+00,-1.137531397E+00
+47.100E-06,-976.224868E-03,-1.128423357E+00
+47.200E-06,-939.164567E-03,-1.142556523E+00
+47.300E-06,-907.443461E-03,-1.135332905E+00
+47.400E-06,-873.209793E-03,-1.129993709E+00
+47.500E-06,-858.762557E-03,-1.124968583E+00
+47.600E-06,-829.554015E-03,-1.117744965E+00
+47.700E-06,-797.204769E-03,-1.119943458E+00
+47.800E-06,-746.953513E-03,-1.119943458E+00
+47.900E-06,-718.059041E-03,-1.113033910E+00
+48.000E-06,-700.785172E-03,-1.131878131E+00
+48.100E-06,-638.913314E-03,-1.092619338E+00
+48.200E-06,-634.202258E-03,-1.101099237E+00
+48.300E-06,-606.249997E-03,-1.104868081E+00
+48.400E-06,-562.280149E-03,-1.088222353E+00
+48.500E-06,-560.395726E-03,-1.083511297E+00
+48.600E-06,-523.649496E-03,-1.073775117E+00
+48.700E-06,-490.986179E-03,-1.076915820E+00
+48.800E-06,-467.430903E-03,-1.079742453E+00
+48.900E-06,-440.106783E-03,-1.064667077E+00
+49.000E-06,-398.649497E-03,-1.066865569E+00
+49.100E-06,-359.076633E-03,-1.051790192E+00
+49.200E-06,-319.817840E-03,-1.075345468E+00
+49.300E-06,-312.594222E-03,-1.047707278E+00
+49.400E-06,-275.847991E-03,-1.064667077E+00
+49.500E-06,-234.390705E-03,-1.050533911E+00
+49.600E-06,-227.481157E-03,-1.042996223E+00
+49.700E-06,-165.295228E-03,-1.059641951E+00
+49.800E-06,-155.244977E-03,-1.042996223E+00
+49.900E-06,-89.918345E-03,-1.037342956E+00
+50.000E-06,-99.968596E-03,-1.015358032E+00
+50.100E-06,-75.785179E-03,-1.009390695E+00
+50.200E-06,-16.111813E-03,-1.004365570E+00
+50.300E-06,+5.873112E-03,-992.744967E-03
+50.400E-06,+24.403262E-03,-990.232404E-03
+50.500E-06,+76.853010E-03,-980.496223E-03
+50.600E-06,+95.069091E-03,-988.033912E-03
+50.700E-06,+144.064065E-03,-975.471098E-03
+50.800E-06,+158.825371E-03,-983.008786E-03
+50.900E-06,+191.488688E-03,-947.832907E-03
+51.000E-06,+223.523863E-03,-965.734917E-03
+51.100E-06,+248.021350E-03,-923.021349E-03
+51.200E-06,+303.297732E-03,-929.616827E-03
+51.300E-06,+321.827882E-03,-925.533912E-03
+51.400E-06,+327.795219E-03,-927.732405E-03
+51.500E-06,+369.252505E-03,-896.639440E-03
+51.600E-06,+382.443459E-03,-901.664566E-03
+51.700E-06,+413.850494E-03,-898.837933E-03
+51.800E-06,+485.772604E-03,-879.679641E-03
+51.900E-06,+497.707277E-03,-874.026375E-03
+52.000E-06,+547.016322E-03,-858.322858E-03
+52.100E-06,+544.817830E-03,-835.395722E-03
+52.200E-06,+573.398231E-03,-830.998737E-03
+52.300E-06,+630.244964E-03,-830.056526E-03
+52.400E-06,+648.775115E-03,-829.114315E-03
+52.500E-06,+649.403256E-03,-823.461049E-03
+52.600E-06,+713.159536E-03,-801.790195E-03
+52.700E-06,+726.036421E-03,-801.162054E-03
+52.800E-06,+757.757526E-03,-777.920849E-03
+52.900E-06,+781.626872E-03,-778.863060E-03
+53.000E-06,+811.777626E-03,-752.795221E-03
+53.100E-06,+846.953505E-03,-747.770095E-03
+53.200E-06,+892.807776E-03,-743.059040E-03
+53.300E-06,+902.229886E-03,-735.521351E-03
+53.400E-06,+945.885664E-03,-722.958538E-03
+53.500E-06,+973.209785E-03,-727.355522E-03
+53.600E-06,+1.002104257E+00,-701.287683E-03
+53.700E-06,+1.049528879E+00,-663.285171E-03
+53.800E-06,+1.055496216E+00,-662.657031E-03
+53.900E-06,+1.079679633E+00,-663.913312E-03
+54.000E-06,+1.115483653E+00,-659.830398E-03
+54.100E-06,+1.133071592E+00,-643.184669E-03
+54.200E-06,+1.195571591E+00,-623.398237E-03
+54.300E-06,+1.202795209E+00,-601.099242E-03
+54.400E-06,+1.226350486E+00,-597.644469E-03
+54.500E-06,+1.245508777E+00,-572.204770E-03
+54.600E-06,+1.290106766E+00,-577.229896E-03
+54.700E-06,+1.289478626E+00,-570.006278E-03
+54.800E-06,+1.333762545E+00,-566.865574E-03
+54.900E-06,+1.372393198E+00,-541.425876E-03
+55.000E-06,+1.382757519E+00,-507.820349E-03
+55.100E-06,+1.422016313E+00,-517.870600E-03
+55.200E-06,+1.436777619E+00,-508.448490E-03
+55.300E-06,+1.458134403E+00,-490.232409E-03
+55.400E-06,+1.487971086E+00,-486.777636E-03
+55.500E-06,+1.519064050E+00,-472.958540E-03
+55.600E-06,+1.520320332E+00,-464.792711E-03
+55.700E-06,+1.552669578E+00,-423.963566E-03
+55.800E-06,+1.590672090E+00,-432.757536E-03
+55.900E-06,+1.607317818E+00,-401.036430E-03
+56.000E-06,+1.625533898E+00,-407.317837E-03
+56.100E-06,+1.642807768E+00,-407.945978E-03
+56.200E-06,+1.665106762E+00,-385.332913E-03
+56.300E-06,+1.694001234E+00,-374.654521E-03
+56.400E-06,+1.729805254E+00,-344.503768E-03
+56.500E-06,+1.746450983E+00,-344.189697E-03
+56.600E-06,+1.768749977E+00,-340.734924E-03
+56.700E-06,+1.782255002E+00,-303.988693E-03
+56.800E-06,+1.805810278E+00,-276.664572E-03
+56.900E-06,+1.839101735E+00,-291.111808E-03
+57.000E-06,+1.857317816E+00,-271.639447E-03
+57.100E-06,+1.856375604E+00,-259.076633E-03
+57.200E-06,+1.897204750E+00,-255.621859E-03
+57.300E-06,+1.930182136E+00,-232.066583E-03
+57.400E-06,+1.935207262E+00,-208.825377E-03
+57.500E-06,+1.949968568E+00,-210.081659E-03
+57.600E-06,+1.963787664E+00,-210.709799E-03
+57.700E-06,+1.960961030E+00,-175.219850E-03
+57.800E-06,+1.992682136E+00,-175.219850E-03
+57.900E-06,+2.015609271E+00,-166.111810E-03
+58.000E-06,+2.038222336E+00,-147.895730E-03
+58.100E-06,+2.058950979E+00,-106.124373E-03
+58.200E-06,+2.091300225E+00,-101.413318E-03
+58.300E-06,+2.086903240E+00,-99.842966E-03
+58.400E-06,+2.096011280E+00,-94.189700E-03
+58.500E-06,+2.114541431E+00,-94.189700E-03
+58.600E-06,+2.147204747E+00,-63.410806E-03
+58.700E-06,+2.147832888E+00,-35.144475E-03
+58.800E-06,+2.170445953E+00,-24.780153E-03
+58.900E-06,+2.164478616E+00,-20.697239E-03
+59.000E-06,+2.193687159E+00,-1.538947E-03
+59.100E-06,+2.217242435E+00,-4.365580E-03
+59.200E-06,+2.212531380E+00,+4.114319E-03
+59.300E-06,+2.253674595E+00,+53.737434E-03
+59.400E-06,+2.246765048E+00,+75.722358E-03
+59.500E-06,+2.268121831E+00,+57.506278E-03
+59.600E-06,+2.278486153E+00,+77.606781E-03
+59.700E-06,+2.289478615E+00,+108.385675E-03
+59.800E-06,+2.293875600E+00,+121.262559E-03
+59.900E-06,+2.298586655E+00,+141.363061E-03
+60.000E-06,+2.331564042E+00,+155.810297E-03
+60.100E-06,+2.325596705E+00,+141.363061E-03
+60.200E-06,+2.329993690E+00,+187.531402E-03
+60.300E-06,+2.339729871E+00,+196.953513E-03
+60.400E-06,+2.354177107E+00,+196.639443E-03
+60.500E-06,+2.369880624E+00,+204.805272E-03
+60.600E-06,+2.392807760E+00,+230.559040E-03
+60.700E-06,+2.378360524E+00,+231.815322E-03
+60.800E-06,+2.392493689E+00,+239.038940E-03
+60.900E-06,+2.406626855E+00,+259.453512E-03
+61.000E-06,+2.401601729E+00,+296.199743E-03
+61.100E-06,+2.417619317E+00,+295.571602E-03
+61.200E-06,+2.422644443E+00,+300.910798E-03
+61.300E-06,+2.422644443E+00,+307.192205E-03
+61.400E-06,+2.435521327E+00,+322.895723E-03
+61.500E-06,+2.430496201E+00,+324.152004E-03
+61.600E-06,+2.430496201E+00,+341.739944E-03
+61.700E-06,+2.441488664E+00,+371.262556E-03
+61.800E-06,+2.428925850E+00,+360.270094E-03
+61.900E-06,+2.453109266E+00,+402.355521E-03
+62.000E-06,+2.444315297E+00,+408.008787E-03
+62.100E-06,+2.442430875E+00,+425.910797E-03
+62.200E-06,+2.467870573E+00,+412.405772E-03
+62.300E-06,+2.466300221E+00,+449.466073E-03
+62.400E-06,+2.451852985E+00,+462.971098E-03
+62.500E-06,+2.487342934E+00,+467.682153E-03
+62.600E-06,+2.451224844E+00,+469.252505E-03
+62.700E-06,+2.442116804E+00,+485.898233E-03
+62.800E-06,+2.468498713E+00,+501.287681E-03
+62.900E-06,+2.462845447E+00,+513.222354E-03
+63.000E-06,+2.495508763E+00,+527.041449E-03
+63.100E-06,+2.469754995E+00,+543.373107E-03
+63.200E-06,+2.473209769E+00,+548.398233E-03
+63.300E-06,+2.475408261E+00,+558.448484E-03
+63.400E-06,+2.459704744E+00,+573.523861E-03
+63.500E-06,+2.450282633E+00,+597.707277E-03
+63.600E-06,+2.456564040E+00,+616.237428E-03
+63.700E-06,+2.439918312E+00,+623.775116E-03
+63.800E-06,+2.447456000E+00,+623.775116E-03
+63.900E-06,+2.430496201E+00,+651.727377E-03
+64.000E-06,+2.424842935E+00,+660.207277E-03
+64.100E-06,+2.431438412E+00,+678.109287E-03
+64.200E-06,+2.424528865E+00,+669.943458E-03
+64.300E-06,+2.413222332E+00,+686.903256E-03
+64.400E-06,+2.427355498E+00,+689.101749E-03
+64.500E-06,+2.394064041E+00,+707.317829E-03
+64.600E-06,+2.400659518E+00,+714.227377E-03
+64.700E-06,+2.397204744E+00,+721.765065E-03
+64.800E-06,+2.393749971E+00,+717.368080E-03
+64.900E-06,+2.387782634E+00,+738.724864E-03
+65.000E-06,+2.377418312E+00,+759.453507E-03
+65.100E-06,+2.340358011E+00,+761.966070E-03
+65.200E-06,+2.344126856E+00,+788.033909E-03
+65.300E-06,+2.339415800E+00,+782.066572E-03
+65.400E-06,+2.329993690E+00,+790.546471E-03
+65.500E-06,+2.313662032E+00,+811.275114E-03
+65.600E-06,+2.292305248E+00,+804.679637E-03
+65.700E-06,+2.322141931E+00,+824.151999E-03
+65.800E-06,+2.289164545E+00,+833.260039E-03
+65.900E-06,+2.270006253E+00,+846.765064E-03
+66.000E-06,+2.260898213E+00,+861.840440E-03
+66.100E-06,+2.253988666E+00,+861.212300E-03
+66.200E-06,+2.246136907E+00,+865.295214E-03
+66.300E-06,+2.241111781E+00,+881.312802E-03
+66.400E-06,+2.195257510E+00,+883.825365E-03
+66.500E-06,+2.192744948E+00,+906.438430E-03
+66.600E-06,+2.179239923E+00,+915.232400E-03
+66.700E-06,+2.167619320E+00,+899.528882E-03
+66.800E-06,+2.151287662E+00,+913.033907E-03
+66.900E-06,+2.131187159E+00,+940.043957E-03
+67.000E-06,+2.117682134E+00,+949.466068E-03
+67.100E-06,+2.106061531E+00,+941.928379E-03
+67.200E-06,+2.096011280E+00,+947.581646E-03
+67.300E-06,+2.067116808E+00,+958.888178E-03
+67.400E-06,+2.047330376E+00,+969.566570E-03
+67.500E-06,+2.025345452E+00,+979.616821E-03
+67.600E-06,+2.025659522E+00,+949.151997E-03
+67.700E-06,+1.992368065E+00,+980.873103E-03
+67.800E-06,+1.989541432E+00,+988.724861E-03
+67.900E-06,+1.945257513E+00,+1.013850489E+00
+68.000E-06,+1.940232387E+00,+1.017933404E+00
+68.100E-06,+1.934265051E+00,+1.000031394E+00
+68.200E-06,+1.903486157E+00,+1.015734911E+00
+68.300E-06,+1.869880629E+00,+1.025785162E+00
+68.400E-06,+1.861714800E+00,+1.016677122E+00
+68.500E-06,+1.848837916E+00,+1.016991193E+00
+68.600E-06,+1.822141936E+00,+1.016991193E+00
+68.700E-06,+1.784453495E+00,+1.019503755E+00
+68.800E-06,+1.774403244E+00,+1.025785162E+00
+68.900E-06,+1.770320329E+00,+1.025785162E+00
+69.000E-06,+1.740483646E+00,+1.048398227E+00
+69.100E-06,+1.718184651E+00,+1.035835413E+00
+69.200E-06,+1.692430883E+00,+1.050910790E+00
+69.300E-06,+1.677983647E+00,+1.056249986E+00
+69.400E-06,+1.663850481E+00,+1.085772599E+00
+69.500E-06,+1.617053999E+00,+1.074466066E+00
+69.600E-06,+1.603548974E+00,+1.062531393E+00
+69.700E-06,+1.570257517E+00,+1.068184659E+00
+69.800E-06,+1.552983648E+00,+1.070697222E+00
+69.900E-06,+1.539792693E+00,+1.085458529E+00
+70.000E-06,+1.512468573E+00,+1.090797724E+00
+70.100E-06,+1.463473599E+00,+1.086714810E+00
+70.200E-06,+1.454051488E+00,+1.081689684E+00
+70.300E-06,+1.441802745E+00,+1.093310287E+00
+70.400E-06,+1.398146966E+00,+1.090483654E+00
+70.500E-06,+1.383385660E+00,+1.099905765E+00
+70.600E-06,+1.367682142E+00,+1.104302749E+00
+70.700E-06,+1.328109278E+00,+1.095508780E+00
+70.800E-06,+1.299214806E+00,+1.103360538E+00
+70.900E-06,+1.268121842E+00,+1.100219835E+00
+71.000E-06,+1.244566566E+00,+1.098963554E+00
+71.100E-06,+1.223837923E+00,+1.102104257E+00
+71.200E-06,+1.200282647E+00,+1.095508780E+00
+71.300E-06,+1.176099230E+00,+1.086400740E+00
+71.400E-06,+1.140609280E+00,+1.102732398E+00
+71.500E-06,+1.093184658E+00,+1.091111795E+00
+71.600E-06,+1.058322849E+00,+1.106187172E+00
+71.700E-06,+1.047644457E+00,+1.103988679E+00
+71.800E-06,+1.033197221E+00,+1.083260036E+00
+71.900E-06,+1.015295211E+00,+1.091111795E+00
+72.000E-06,+954.365564E-03,+1.096136920E+00
+72.100E-06,+933.322851E-03,+1.102732398E+00
+72.200E-06,+902.229886E-03,+1.088599232E+00
+72.300E-06,+886.212298E-03,+1.079491192E+00
+72.400E-06,+852.292701E-03,+1.078548981E+00
+72.500E-06,+819.315314E-03,+1.090797724E+00
+72.600E-06,+787.594209E-03,+1.079491192E+00
+72.700E-06,+732.631898E-03,+1.076664559E+00
+72.800E-06,+715.358029E-03,+1.066300237E+00
+72.900E-06,+705.935918E-03,+1.064101745E+00
+73.000E-06,+667.933406E-03,+1.069126870E+00
+73.100E-06,+638.096723E-03,+1.097079131E+00
+73.200E-06,+619.880643E-03,+1.061275112E+00
+73.300E-06,+579.365568E-03,+1.064729886E+00
+73.400E-06,+556.438432E-03,+1.051538931E+00
+73.500E-06,+518.121850E-03,+1.044943454E+00
+73.600E-06,+491.425870E-03,+1.035835413E+00
+73.700E-06,+474.152001E-03,+1.063159534E+00
+73.800E-06,+407.569087E-03,+1.040860539E+00
+73.900E-06,+408.511298E-03,+1.039604258E+00
+74.000E-06,+371.450997E-03,+1.048712298E+00
+74.100E-06,+337.531400E-03,+1.031124358E+00
+74.200E-06,+329.051500E-03,+1.020760037E+00
+74.300E-06,+278.800244E-03,+1.021388177E+00
+74.400E-06,+251.476124E-03,+1.025785162E+00
+74.500E-06,+230.747481E-03,+1.023900740E+00
+74.600E-06,+209.704768E-03,+995.320339E-03
+74.700E-06,+153.486175E-03,+992.807776E-03
+74.800E-06,+127.418337E-03,+987.468580E-03
+74.900E-06,+95.069091E-03,+985.584158E-03
+75.000E-06,+70.885674E-03,+1.009767575E+00
+75.100E-06,+69.315322E-03,+981.501243E-03
+75.200E-06,+17.493715E-03,+966.111796E-03
+75.300E-06,-21.451009E-03,+962.028882E-03
+75.400E-06,-61.966084E-03,+953.234912E-03
+75.500E-06,-78.925882E-03,+960.772600E-03
+75.600E-06,-130.747490E-03,+945.383153E-03
+75.700E-06,-154.930907E-03,+942.556520E-03
+75.800E-06,-185.709801E-03,+945.383153E-03
+75.900E-06,-218.687187E-03,+937.217324E-03
+76.000E-06,-229.993720E-03,+923.084158E-03
+76.100E-06,-269.880654E-03,+918.687174E-03
+76.200E-06,-288.724875E-03,+887.594209E-03
+76.300E-06,-321.074121E-03,+890.106772E-03
+76.400E-06,-372.895728E-03,+873.461043E-03
+76.500E-06,-394.880653E-03,+864.981144E-03
+76.600E-06,-443.247486E-03,+859.956018E-03
+76.700E-06,-430.684673E-03,+854.930893E-03
+76.800E-06,-481.564069E-03,+845.508782E-03
+76.900E-06,-522.079144E-03,+829.491195E-03
+77.000E-06,-557.255023E-03,+833.260039E-03
+77.100E-06,-560.709797E-03,+792.744964E-03
+77.200E-06,-605.621857E-03,+789.290190E-03
+77.300E-06,-641.425876E-03,+784.579135E-03
+77.400E-06,-677.858037E-03,+771.074110E-03
+77.500E-06,-703.297735E-03,+783.636924E-03
+77.600E-06,-718.059041E-03,+778.611798E-03
+77.700E-06,-749.152006E-03,+747.832904E-03
+77.800E-06,-809.767583E-03,+763.222351E-03
+77.900E-06,-822.644467E-03,+740.295216E-03
+78.000E-06,-839.918336E-03,+729.616824E-03
+78.100E-06,-888.913311E-03,+704.491196E-03
+78.200E-06,-896.450999E-03,+699.466070E-03
+78.300E-06,-958.008787E-03,+700.094211E-03
+78.400E-06,-970.571601E-03,+686.903256E-03
+78.500E-06,-993.812807E-03,+676.853005E-03
+78.600E-06,-1.032443460E+00,+686.903256E-03
+78.700E-06,-1.056626877E+00,+654.868081E-03
+78.800E-06,-1.078925872E+00,+629.428383E-03
+78.900E-06,-1.114729891E+00,+623.775116E-03
+79.000E-06,-1.121953509E+00,+620.006272E-03
+79.100E-06,-1.144566574E+00,+588.599237E-03
+79.200E-06,-1.196074112E+00,+608.071599E-03
+79.300E-06,-1.230621850E+00,+569.755016E-03
+79.400E-06,-1.265797729E+00,+553.423358E-03
+79.500E-06,-1.256061548E+00,+552.481147E-03
+79.600E-06,-1.284327879E+00,+543.373107E-03
+79.700E-06,-1.326413306E+00,+517.933409E-03
+79.800E-06,-1.365043959E+00,+523.272605E-03
+79.900E-06,-1.369440944E+00,+500.031399E-03
+80.000E-06,-1.436337928E+00,+488.096726E-03
+80.100E-06,-1.446074109E+00,+464.855520E-03
+80.200E-06,-1.452669586E+00,+461.400746E-03
+80.300E-06,-1.491300239E+00,+455.433410E-03
+80.400E-06,-1.511086671E+00,+448.837932E-03
+80.500E-06,-1.534641947E+00,+442.870596E-03
+80.600E-06,-1.552858027E+00,+446.325370E-03
+80.700E-06,-1.574842952E+00,+392.619340E-03
+80.800E-06,-1.628863052E+00,+388.850496E-03
+80.900E-06,-1.626664559E+00,+382.569089E-03
+81.000E-06,-1.672204760E+00,+370.320345E-03
+81.100E-06,-1.682883152E+00,+360.584164E-03
+81.200E-06,-1.704868076E+00,+313.787683E-03
+81.300E-06,-1.738159533E+00,+316.928386E-03
+81.400E-06,-1.745383151E+00,+298.712306E-03
+81.500E-06,-1.776790186E+00,+305.307783E-03
+81.600E-06,-1.773963553E+00,+302.167080E-03
+81.700E-06,-1.823272597E+00,+282.066577E-03
+81.800E-06,-1.841488678E+00,+240.295221E-03
+81.900E-06,-1.858762547E+00,+231.501251E-03
+82.000E-06,-1.875408275E+00,+227.418337E-03
+82.100E-06,-1.909327873E+00,+229.930899E-03
+82.200E-06,-1.916551491E+00,+216.425875E-03
+82.300E-06,-1.937908274E+00,+211.086679E-03
+82.400E-06,-1.978423349E+00,+189.729895E-03
+82.500E-06,-1.985018827E+00,+165.860548E-03
+82.600E-06,-2.010458525E+00,+157.694719E-03
+82.700E-06,-2.004491188E+00,+151.413312E-03
+82.800E-06,-2.035898223E+00,+136.337936E-03
+82.900E-06,-2.048775107E+00,+124.089192E-03
+83.000E-06,-2.060709781E+00,+102.732408E-03
+83.100E-06,-2.081752494E+00,+81.375625E-03
+83.200E-06,-2.091488675E+00,+50.282660E-03
+83.300E-06,-2.130119328E+00,+65.986178E-03
+83.400E-06,-2.130119328E+00,+44.943464E-03
+83.500E-06,-2.160270081E+00,+20.760047E-03
+83.600E-06,-2.168121840E+00,+17.305274E-03
+83.700E-06,-2.193875608E+00,-10.646987E-03
+83.800E-06,-2.219001236E+00,-24.466083E-03
+83.900E-06,-2.205496211E+00,-19.440957E-03
+84.000E-06,-2.252920834E+00,-33.260052E-03
+84.100E-06,-2.263285155E+00,-80.370605E-03
+84.200E-06,-2.255747467E+00,-70.948494E-03
+84.300E-06,-2.282443447E+00,-98.586685E-03
+84.400E-06,-2.305998723E+00,-99.842966E-03
+84.500E-06,-2.305370582E+00,-109.265077E-03
+84.600E-06,-2.321388170E+00,-118.373117E-03
+84.700E-06,-2.323900733E+00,-147.581659E-03
+84.800E-06,-2.334893195E+00,-128.423368E-03
+84.900E-06,-2.337405758E+00,-180.244976E-03
+85.000E-06,-2.360961034E+00,-185.270101E-03
+85.100E-06,-2.378548973E+00,-184.641960E-03
+85.200E-06,-2.383574099E+00,-204.114322E-03
+85.300E-06,-2.392053998E+00,-247.456030E-03
+85.400E-06,-2.406501234E+00,-235.521357E-03
+85.500E-06,-2.418435908E+00,-235.207286E-03
+85.600E-06,-2.407443445E+00,-256.250000E-03
+85.700E-06,-2.425031385E+00,-279.491206E-03
+85.800E-06,-2.430684651E+00,-280.747487E-03
+85.900E-06,-2.443561535E+00,-302.732411E-03
+86.000E-06,-2.437594199E+00,-315.295225E-03
+86.100E-06,-2.438222339E+00,-318.749999E-03
+86.200E-06,-2.444503746E+00,-345.131908E-03
+86.300E-06,-2.469315304E+00,-351.099245E-03
+86.400E-06,-2.478109274E+00,-355.182160E-03
+86.500E-06,-2.480307766E+00,-368.373114E-03
+86.600E-06,-2.487531384E+00,-389.415828E-03
+86.700E-06,-2.485018821E+00,-402.606782E-03
+86.800E-06,-2.482820329E+00,-416.425877E-03
+86.900E-06,-2.486903243E+00,-421.451003E-03
+87.000E-06,-2.491928369E+00,-432.443465E-03
+87.100E-06,-2.486903243E+00,-431.501254E-03
+87.200E-06,-2.486903243E+00,-469.503766E-03
+87.300E-06,-2.502920831E+00,-470.131907E-03
+87.400E-06,-2.486903243E+00,-498.084168E-03
+87.500E-06,-2.501978620E+00,-501.853012E-03
+87.600E-06,-2.507945957E+00,-503.423364E-03
+87.700E-06,-2.490672088E+00,-515.672108E-03
+87.800E-06,-2.516425856E+00,-539.855524E-03
+87.900E-06,-2.493184650E+00,-572.204770E-03
+88.000E-06,-2.505119324E+00,-570.634419E-03
+88.100E-06,-2.486589173E+00,-577.858037E-03
+88.200E-06,-2.486589173E+00,-582.255021E-03
+88.300E-06,-2.498209776E+00,-599.842961E-03
+88.400E-06,-2.491300228E+00,-599.214820E-03
+88.500E-06,-2.490672088E+00,-634.076629E-03
+88.600E-06,-2.494755002E+00,-638.787684E-03
+88.700E-06,-2.487531384E+00,-668.310297E-03
+88.800E-06,-2.472456007E+00,-662.657031E-03
+88.900E-06,-2.479051485E+00,-662.657031E-03
+89.000E-06,-2.463662038E+00,-669.252508E-03
+89.100E-06,-2.481878118E+00,-687.468588E-03
+89.200E-06,-2.466488671E+00,-727.983663E-03
+89.300E-06,-2.443247465E+00,-723.900749E-03
+89.400E-06,-2.452355505E+00,-728.297733E-03
+89.500E-06,-2.427543948E+00,-732.380648E-03
+89.600E-06,-2.428486159E+00,-751.538939E-03
+89.700E-06,-2.431626862E+00,-750.910799E-03
+89.800E-06,-2.419692189E+00,-780.119341E-03
+89.900E-06,-2.406501234E+00,-777.292708E-03
+90.000E-06,-2.406501234E+00,-788.913311E-03
+90.100E-06,-2.399277616E+00,-795.508788E-03
+90.200E-06,-2.400219827E+00,-797.707280E-03
+90.300E-06,-2.381375606E+00,-824.089190E-03
+90.400E-06,-2.362531386E+00,-842.933411E-03
+90.500E-06,-2.359076612E+00,-842.619340E-03
+90.600E-06,-2.349654501E+00,-847.958536E-03
+90.700E-06,-2.326099225E+00,-858.636928E-03
+90.800E-06,-2.326099225E+00,-883.762556E-03
+90.900E-06,-2.320445959E+00,-881.878134E-03
+91.000E-06,-2.319817818E+00,-903.863058E-03
+91.100E-06,-2.303172090E+00,-869.629390E-03
+91.200E-06,-2.274277618E+00,-922.393209E-03
+91.300E-06,-2.256375608E+00,-932.757530E-03
+91.400E-06,-2.245697216E+00,-918.310294E-03
+91.500E-06,-2.235646965E+00,-928.674616E-03
+91.600E-06,-2.233762543E+00,-944.064063E-03
+91.700E-06,-2.209579126E+00,-944.692203E-03
+91.800E-06,-2.165295207E+00,-955.684666E-03
+91.900E-06,-2.165295207E+00,-964.164565E-03
+92.000E-06,-2.164667066E+00,-982.694716E-03
+92.100E-06,-2.148649478E+00,-976.099238E-03
+92.200E-06,-2.130433398E+00,-979.239942E-03
+92.300E-06,-2.106564052E+00,-997.770092E-03
+92.400E-06,-2.079868072E+00,-987.405771E-03
+92.500E-06,-2.080182142E+00,-999.340444E-03
+92.600E-06,-2.036840434E+00,-1.018184665E+00
+92.700E-06,-2.021136917E+00,-1.013787680E+00
+92.800E-06,-2.007317821E+00,-1.049277630E+00
+92.900E-06,-2.001664555E+00,-1.038913308E+00
+93.000E-06,-1.990043952E+00,-1.033260042E+00
+93.100E-06,-1.950785159E+00,-1.059641951E+00
+93.200E-06,-1.925031390E+00,-1.049277630E+00
+93.300E-06,-1.920634405E+00,-1.054616825E+00
+93.400E-06,-1.892054004E+00,-1.054616825E+00
+93.500E-06,-1.873837923E+00,-1.064667077E+00
+93.600E-06,-1.840232396E+00,-1.069692202E+00
+93.700E-06,-1.846513803E+00,-1.055873107E+00
+93.800E-06,-1.832066567E+00,-1.079114313E+00
+93.900E-06,-1.786840437E+00,-1.064667077E+00
+94.000E-06,-1.763285161E+00,-1.081626875E+00
+94.100E-06,-1.758260035E+00,-1.075345468E+00
+94.200E-06,-1.701099232E+00,-1.090420845E+00
+94.300E-06,-1.692933403E+00,-1.080684664E+00
+94.400E-06,-1.682883152E+00,-1.080056524E+00
+94.500E-06,-1.677858026E+00,-1.089164564E+00
+94.600E-06,-1.629491192E+00,-1.111777629E+00
+94.700E-06,-1.602481142E+00,-1.099842956E+00
+94.800E-06,-1.570131897E+00,-1.111149488E+00
+94.900E-06,-1.542179636E+00,-1.082883157E+00
+95.000E-06,-1.541865565E+00,-1.105810292E+00
+95.100E-06,-1.507945968E+00,-1.120885669E+00
+95.200E-06,-1.485018832E+00,-1.123712302E+00
+95.300E-06,-1.467430893E+00,-1.124968583E+00
+95.400E-06,-1.439792702E+00,-1.131249990E+00
+95.500E-06,-1.422204762E+00,-1.133762553E+00
+95.600E-06,-1.400533908E+00,-1.139415820E+00
+95.700E-06,-1.366300240E+00,-1.144755015E+00
+95.800E-06,-1.341174613E+00,-1.135018835E+00
+95.900E-06,-1.305370593E+00,-1.137217327E+00
+96.000E-06,-1.275219839E+00,-1.140986171E+00
+96.100E-06,-1.241928382E+00,-1.120571599E+00
+96.200E-06,-1.205182152E+00,-1.121827880E+00
+96.300E-06,-1.200471096E+00,-1.135961046E+00
+96.400E-06,-1.148649489E+00,-1.140043960E+00
+96.500E-06,-1.132945972E+00,-1.141614312E+00
+96.600E-06,-1.105621851E+00,-1.137845468E+00
+96.700E-06,-1.100910796E+00,-1.128109287E+00
+96.800E-06,-1.039667078E+00,-1.135018835E+00
+96.900E-06,-1.034956023E+00,-1.145069086E+00
+97.000E-06,-1.007945973E+00,-1.140986171E+00
+97.100E-06,-962.719843E-03,-1.120257528E+00
+97.200E-06,-929.114315E-03,-1.129993709E+00
+97.300E-06,-884.202256E-03,-1.123398232E+00
+97.400E-06,-877.920849E-03,-1.124026372E+00
+97.500E-06,-854.051502E-03,-1.109893207E+00
+97.600E-06,-800.031402E-03,-1.098272604E+00
+97.700E-06,-795.006277E-03,-1.113662051E+00
+97.800E-06,-746.953513E-03,-1.132820342E+00
+97.900E-06,-720.257534E-03,-1.122456021E+00
+98.000E-06,-702.669594E-03,-1.097958534E+00
+98.100E-06,-657.129394E-03,-1.103297729E+00
+98.200E-06,-637.342962E-03,-1.107380644E+00
+98.300E-06,-586.149495E-03,-1.092305267E+00
+98.400E-06,-566.363063E-03,-1.073775117E+00
+98.500E-06,-557.255023E-03,-1.087908282E+00
+98.600E-06,-524.591707E-03,-1.071576624E+00
+98.700E-06,-482.506280E-03,-1.079742453E+00
+98.800E-06,-457.694722E-03,-1.064667077E+00
+98.900E-06,-411.526381E-03,-1.068749991E+00
+99.000E-06,-398.963567E-03,-1.066551499E+00
+99.100E-06,-364.415829E-03,-1.064981147E+00
+99.200E-06,-332.694724E-03,-1.068435921E+00
+99.300E-06,-310.395729E-03,-1.055559036E+00
+99.400E-06,-276.162061E-03,-1.059641951E+00
+99.500E-06,-246.639448E-03,-1.037342956E+00
+99.600E-06,-224.026383E-03,-1.049905770E+00
+99.700E-06,-152.732414E-03,-1.017242454E+00
+99.800E-06,-151.790203E-03,-1.024466072E+00
+99.900E-06,-126.350505E-03,-1.021953509E+00
